learning_rate,gamma,batch_size,tau,ent_coef,train_reward,train_reward_std,test_reward,test_reward_std,generalization_gap,gap,algorithm
0.0001685889762519,0.8166742739962575,64,0.0084291400412447,0.9469872759883444,292.3670573,3.6840232063631366,216.01302450154907,337.4626501593719,-76.35403279845093,-76.35403279845093,3
0.0071350175523667,0.9479780504179742,128,0.0078296371856797,0.8261129345193011,452.7551869,62.51590349151349,228.069530765526,289.4916595941588,-224.685656134474,-224.68565613447402,3
0.0007667044723074,0.8711440363322418,256,0.0076424184633031,0.4685719454639862,425.8004470500001,8.19003801250232,228.8327381066978,330.05760808649404,-196.9677089433023,-196.9677089433023,3
0.000212651165454,0.8176180116310494,256,0.0080631867127738,0.7909697602124691,301.83857295,5.841322726340148,126.83382072013336,211.2513585552476,-175.00475222986665,-175.00475222986665,3
0.0032174765870853,0.9740620739708504,64,0.0069376794622389,0.5833541240766559,414.5926531500001,3.9274394322564863,102.8282222999842,61.85959289928344,-311.76443085001586,-311.7644308500159,3
0.0013288428569907,0.9340846673250376,128,0.0092115419060617,0.5102284258709433,474.47546195,6.403596934350292,176.4775389048271,281.8220387923537,-297.99792304517285,-297.9979230451729,3
0.0001698913286416,0.8763138435457174,128,0.0055858186138434,0.901437949227812,389.744945,8.717759124242297,94.739780208515,115.3665931363275,-295.00516479148496,-295.00516479148496,3
0.0003145706591946,0.8957100744455169,64,0.005214574586871,0.5669851042925269,448.0016881,12.591471526528018,210.4016635289881,264.0198069659214,-237.6000245710119,-237.60002457101191,3
0.0004509375421245,0.8178454033347791,64,0.0093482057504747,0.5321196167002669,396.14654975,9.83593535648117,177.50935310972855,282.1746570235909,-218.6371966402714,-218.63719664027147,3
0.0057153160543787,0.843756615604193,128,0.0094117619756546,0.5558392838277301,422.9547825000001,8.943822883560367,194.67207121144455,285.14616851034583,-228.2827112885555,-228.28271128855553,3
0.0003296554848573,0.9955951122522262,64,0.0097386750751093,0.4994348827206929,1021.3257282,0.5537034421661744,186.8340851707966,138.63966839848737,-834.4916430292035,-834.4916430292034,3
0.0014890231712133,0.9616465954619584,128,0.0098835827287119,0.5006040927870109,596.88441665,15.106779252700532,166.56016213637776,217.34483597067504,-430.3242545136223,-430.3242545136223,3
0.0037375091219456,0.8560570529812818,128,0.0081971411384288,0.6773089464815608,354.40789155000004,8.606238524377584,182.55423730906915,277.47897428831675,-171.8536542409309,-171.8536542409309,3
0.001255507401975,0.9727201313549512,128,0.0059172944143782,0.2562347987481061,528.39186895,6.8294063528059015,106.7332991964533,58.41557824206069,-421.6585697535467,-421.6585697535467,3
0.0014791900259905,0.9119037037928824,64,0.009638138345757,0.9332693311479814,404.0277041,8.444224419179768,218.25913984285435,299.5740877271821,-185.76856425714564,-185.76856425714564,3
0.0087401033215186,0.8962776538513534,128,0.0080682215311066,0.1592656792155991,460.5315766,19.554085697122108,156.11085699070244,287.5527045264016,-304.4207196092975,-304.4207196092975,3
0.0005379968245611,0.8377063285986714,64,0.0071079892086525,0.5013294194175135,431.76432435,9.778833927768366,268.7313699068967,330.5473096347117,-163.03295444310328,-163.03295444310328,3
0.0001182994218501,0.926055261754316,256,0.007572091609698,0.4801210846359475,463.9710967000001,13.584452078339748,147.9113134932346,203.58844835723272,-316.0597832067655,-316.0597832067655,3
0.000108956119936,0.8461876411682945,128,0.0056909489571358,0.3825798030514087,454.69654615,12.139292993511145,140.66599692946767,223.82568719162904,-314.03054922053235,-314.03054922053235,3
0.0089821993797132,0.9301873745966482,64,0.0097549593571728,0.7070987917742128,465.06883115,28.824947827638194,260.46038590925747,349.15058069356286,-204.60844524074253,-204.60844524074253,3
0.0077218869898896,0.8651910686270193,128,0.0092237899208157,0.9298374259914968,290.4535952,7.689650964489297,348.4430144261802,416.8338173300097,57.98941922618019,57.98941922618019,3
0.0006054722714388,0.971793480575712,256,0.0088260793227086,0.3349587674155073,576.5536301499999,29.612462514699462,100.72068358366305,70.58381574570798,-475.8329465663368,-475.83294656633683,3
0.0001137874400799,0.8066579337996582,64,0.008754469361675,0.962657606674678,275.8386481,3.228514772764835,188.42426133386329,284.013692582737,-87.41438676613674,-87.41438676613672,3
0.0002368414637224,0.9347939849124072,128,0.0054811577218475,0.4435996323430458,443.95619865,11.888487879615658,121.6161524323281,208.27979210986035,-322.3400462176719,-322.3400462176719,3
0.0001614857055726,0.8060761506388313,256,0.0054793668333869,0.5307140290843051,410.0133276,9.97586594922586,190.44118696972728,276.0042072748386,-219.57214063027268,-219.57214063027274,3
0.0005206561883398,0.8340077903120158,64,0.0061846777150438,0.1650840998233029,420.22326795,13.59978208478922,143.0333185693249,202.1833985917542,-277.1899493806751,-277.1899493806751,3
0.0040623839849053,0.9140381561979491,64,0.0050316515458492,0.6392458125064984,432.9447950500001,18.93876135571312,77.28911367007531,61.28215554937724,-355.6556813799248,-355.6556813799248,3
0.0031148511576046,0.9509690245824164,256,0.0058434061720616,0.7302789760369098,388.15299465,2.9625615265381824,169.133137900196,198.568408681956,-219.019856749804,-219.01985674980398,3
0.0043891133837448,0.8657411247185014,128,0.0079923558473401,0.9748727799177576,325.1371578,9.70647556637491,137.78778079499023,206.68082555578457,-187.34937700500976,-187.34937700500979,3
0.0064211487094477,0.8250713591349249,64,0.0082248687032844,0.3335613169184543,412.44839,15.408266560932791,91.24922858664786,213.3569348153821,-321.19916141335216,-321.19916141335216,3
0.0007551316474635,0.9052058874817208,256,0.0062137761099879,0.8164004698373463,422.2665265,15.221640184169145,244.4447406168678,322.6614489619055,-177.82178588313215,-177.8217858831322,3
0.0008432253522229,0.9321838314103282,256,0.005536972180295,0.1192913803292332,486.8290386000001,11.65330376031866,109.7830379011255,61.42867219981717,-377.04600069887454,-377.0460006988746,3
0.0003716191700973,0.9691016100786548,256,0.0065191709853401,0.4405966496866512,478.3327585500001,10.304197903368602,131.9642309833318,206.42537666452196,-346.3685275666683,-346.3685275666683,3
0.0011743710489485,0.987087449572884,256,0.0059989392926944,0.9399643820988524,1785.0427713500003,245.1687613419189,168.2768676578533,198.16707014040213,-1616.7659036921473,-1616.765903692147,3
0.0001030705461221,0.9350042804225728,64,0.0090227904806273,0.5144022840479937,401.4981698,5.109242749511811,188.7490357476694,284.599573758538,-212.74913405233056,-212.74913405233062,3
0.0031492568286872,0.8359596510269603,128,0.0095595483703796,0.2903239412656668,399.0848176,7.326620475612314,93.33725392199122,58.36991633181811,-305.7475636780088,-305.74756367800876,3
0.003303810281318,0.9110292243785636,128,0.0051467738192214,0.8040229621336927,434.32624890000005,22.39666855564959,348.29056435849054,397.64550547726896,-86.03568454150951,-86.03568454150951,3
0.0007122949557478,0.8210840195024709,128,0.0083070466578325,0.6858865624299004,414.8472421,11.829410924534002,286.65368161518126,359.287516864706,-128.19356048481876,-128.19356048481876,3
0.0002231597926128,0.898676288508768,128,0.0065752568667907,0.255016626468606,482.32643555,21.80266116465892,138.06375556221465,199.50387041418747,-344.2626799877854,-344.2626799877853,3
0.0014339684768951,0.883160096700037,256,0.0076781482343498,0.2838590202012585,417.1298291,4.451759467084584,152.03997115571983,204.2739721299964,-265.0898579442802,-265.0898579442802,3
0.0047967874650155,0.9952166260435522,64,0.0075992339867457,0.787788404531248,1361.5037759000002,2.301380427193645,125.10782733957168,208.5453102189395,-1236.3959485604285,-1236.3959485604285,3
0.0007607972215646,0.982068614153485,256,0.0071494600993849,0.2261455128250741,494.01685475,9.035671027725598,87.5578290360514,63.892269879805454,-406.45902571394856,-406.45902571394856,3
0.0009394892494839,0.8490196211120565,64,0.0089919571527663,0.9998902012321416,290.77041340000005,5.094818871753326,236.64514064711983,323.96374975479387,-54.12527275288022,-54.12527275288022,3
0.0049780769760095,0.9498322436762308,128,0.0054416371538641,0.4938435448560829,470.34310245,8.813696269337079,211.61242800429463,266.06584957157696,-258.7306744457053,-258.7306744457054,3
0.0001078085776188,0.964352842790899,128,0.0052284605310388,0.7864162011673227,441.44700205,15.796936413836391,68.02077865987084,74.30270346876874,-373.4262233901292,-373.42622339012917,3
0.0027586202012207,0.9277957279268596,64,0.0065769657977678,0.6213002724060598,438.8327776499999,22.78984515685068,115.91043451980222,210.5721298793639,-322.9223431301977,-322.9223431301977,3
0.0025287102856492,0.9965396795062038,256,0.0086030025317508,0.3174617260523196,1311.64639435,271.154708577844,117.62865527395624,203.9535564575908,-1194.017739076044,-1194.0177390760439,3
0.0025517843116263,0.9421039029569486,128,0.0060066802482011,0.9495916512802182,430.9474338,10.626064768256043,312.2484250659298,394.99321755591706,-118.69900873407022,-118.69900873407022,3
0.0001028052321057,0.8160280865987827,128,0.0067333839498375,0.3894263918593783,436.7431434,8.884812241070781,193.03436018771023,271.06435611833564,-243.70878321228972,-243.70878321228977,3
0.0057864731196612,0.9379399349634232,128,0.0091817853079528,0.5486196535329696,457.98082890000006,17.367787446350913,129.13654225962236,207.1519934749015,-328.84428664037773,-328.84428664037773,3
0.002715473453323,0.9833847868782026,256,0.0067992409588591,0.5249010319205296,842.9730835,6.824487123750173,113.0323026799946,65.32890981422608,-729.9407808200054,-729.9407808200054,3
0.0023374804223477,0.8774655062073956,64,0.0083426812809566,0.6118239611389074,416.6725904,10.933916468600112,157.94900382162595,206.1902504233843,-258.723586578374,-258.723586578374,3
0.0022246040986564,0.9611139299813384,256,0.0071480226665891,0.7906170376575206,484.19607695,5.225213296001303,128.6572232134262,204.9354817834338,-355.53885373657374,-355.53885373657386,3
0.0001090220431337,0.8717906413397587,256,0.008151696348069,0.2157158684838204,451.2297761000001,76.0360299709153,75.17509486475028,50.10061707509717,-376.0546812352498,-376.0546812352498,3
0.0007610735568618,0.828311554252074,256,0.0098175099465942,0.7774399370147014,338.5400978,6.154900374843094,211.16697364968712,338.5664281860339,-127.37312415031288,-127.37312415031289,3
0.0019087148014583,0.8184468348574258,256,0.0069580982450024,0.3109955504607704,423.9296397,8.932800443134898,216.7137727924506,341.4979915552793,-207.21586690754935,-207.21586690754938,3
0.0019535450281655,0.9667146444866004,256,0.0068882297875991,0.6381355139272227,680.05475015,9.643592620857843,100.88020305815152,72.52294659855436,-579.1745470918485,-579.1745470918485,3
0.00340214786195,0.8653618941378498,64,0.0056393656983671,0.3564643658267147,466.5248125,26.55031259773133,104.32050886715297,71.79875587373337,-362.204303632847,-362.20430363284703,3
0.0002001763961248,0.9834547085961426,128,0.0099958520371808,0.5538139031760272,486.2284317,3.278296536646621,129.08371069310232,76.68177386600523,-357.14472100689767,-357.14472100689767,3
0.0001401280618656,0.8515473223571645,64,0.0086597735859598,0.6574492756597821,419.47340095,11.163615238263072,190.02185532711445,285.6475443499692,-229.45154562288556,-229.45154562288553,3
0.0001273224695109,0.9383942143970296,128,0.0059076080044468,0.5081016361400242,448.837084,9.504881912445084,141.76240816880016,224.43257504421476,-307.0746758311998,-307.07467583119984,3
0.0033764635599756,0.8480411504717108,64,0.0052513538978261,0.314573828367628,448.19992815000006,59.138924367414496,264.9934101683553,369.0430031318566,-183.2065179816447,-183.20651798164477,3
0.0001084958953669,0.9224030282998574,64,0.0088089908320479,0.6378144560067854,428.43141055,13.927349738383503,173.03980225381093,199.49934979803464,-255.39160829618905,-255.39160829618908,3
0.0003235215456152,0.9922930303403042,64,0.0060862269095281,0.7784089427930446,1158.4538321,221.21679164620733,99.25489616543057,60.86935388926927,-1059.1989359345694,-1059.1989359345694,3
0.0003270077256939,0.9004871843940172,64,0.0060337561537307,0.5018625042771628,435.42866565,9.60956647099736,305.6610797653906,359.9288844564708,-129.7675858846094,-129.76758588460945,3
0.0044257885068416,0.9704416092500496,64,0.0080209036248633,0.2874345874516456,743.1053954500001,9.91555804398186,120.98240921087564,52.20161631072617,-622.1229862391244,-622.1229862391244,3
0.0001701570988666,0.8456058768640293,256,0.0089551173632242,0.4577251430918356,481.61161585,18.99176668899074,223.25877851154652,330.3820041512386,-258.35283733845347,-258.35283733845347,3
0.0001198588048215,0.9007975772661,256,0.0066385928021126,0.3873176378981986,452.30581345,16.01274188599214,127.6346943143566,259.4011305222886,-324.6711191356434,-324.67111913564344,3
0.0095865444624873,0.9841486853312744,64,0.007241637188617,0.1808255979516428,1033.9492156,219.27607984502836,36.93243136278761,44.09416016948092,-997.0167842372124,-997.0167842372123,3
0.0001780452684105,0.856968513644905,128,0.0054235814113706,0.303720901374935,449.57401275,12.685499093247548,238.2138857597194,348.7550189829772,-211.3601269902806,-211.3601269902806,3
0.007837851853712,0.8664903207841185,256,0.0068346070280308,0.9326740193501716,393.20606055,4.452185335099604,183.15594032725784,281.0230108065668,-210.05012022274207,-210.05012022274218,3
0.0006848171046162,0.9687604625693716,256,0.0053493950186962,0.1278595101556124,686.8871174000001,18.01610599555116,93.24936545471428,74.9142954372763,-593.6377519452858,-593.6377519452858,3
0.0007513288407094,0.9857199806813136,64,0.0077670204662043,0.3266595994581473,496.30383025,7.244294401172356,79.10400541978888,45.72729750052362,-417.1998248302111,-417.1998248302111,3
0.0001195005663571,0.9826857512711216,64,0.0079177218505898,0.2183238339325011,370.1658962,16.2315613323136,177.3606207697303,346.56292950934164,-192.8052754302697,-192.80527543026972,3
0.0006174626218413,0.809514645055472,256,0.0076794133405475,0.6963157796050969,310.27192645,8.404473190234855,271.3955297599896,369.3775086304691,-38.87639669001044,-38.87639669001044,3
0.0007952347675957,0.9677523919234132,64,0.0098824761244897,0.1162260175976564,533.4742699000001,5.279832922876809,117.71430623779924,94.28323795228448,-415.7599636622009,-415.75996366220085,3
0.0002758426135399,0.9866573995769924,256,0.0072520271337526,0.880187535848225,1568.26646025,60.587437931011216,98.6596184797003,78.35659636287264,-1469.6068417702995,-1469.6068417702995,3
0.0001376815039353,0.9416008208350106,64,0.0082803806102254,0.7599483757513666,465.6021034,21.83073045028529,237.84349760878175,336.01794640298044,-227.75860579121823,-227.75860579121823,3
0.0028228613486642,0.9341575004470576,64,0.009797331224811,0.9656796413514006,443.0217235500001,18.862584600070367,124.91429919125513,211.96233081180333,-318.10742435874494,-318.107424358745,3
0.0016101960466034,0.9769226975578572,256,0.0089072477137138,0.8473136183773268,469.4126701,19.0879657993884,103.35379332019949,57.89223102062489,-366.0588767798005,-366.0588767798005,3
0.0022432638400592,0.9533856054385392,128,0.0065611868923049,0.1891796922969461,620.9571440000001,6.18626650165392,94.40186292696744,62.00718424000327,-526.5552810730327,-526.5552810730327,3
0.0012734425604213,0.8600102438318102,64,0.0066242521550441,0.7155773933811883,421.4164344500001,5.728657741900979,289.56198922588953,370.6255623563789,-131.85444522411058,-131.85444522411058,3
0.0078654210785052,0.9265426680891606,256,0.0086301586774934,0.2359219256560377,427.4951819,3.9267352994661855,206.80982412556187,271.87405146210034,-220.6853577744381,-220.6853577744381,3
0.0077544750680194,0.9655321748056808,64,0.0082429143864835,0.1515472560897474,458.3235129,4.923314379302522,95.34472227849764,57.439267434274434,-362.9787906215023,-362.9787906215024,3
0.0045417019867354,0.9644730455071236,256,0.0094081521388536,0.6531482149177987,420.58106325,3.8897288322990833,174.2944054015912,194.0991262974093,-246.2866578484088,-246.2866578484088,3
0.0003781796245836,0.8958032161139027,256,0.0080443055040273,0.3645548306930356,439.43944015,10.619668696070978,397.039609451592,440.5244503083701,-42.39983069840804,-42.39983069840798,3
0.0015592291134585,0.9526472744209468,64,0.0075213901334978,0.6740761402282568,441.13640815,15.223736657089194,138.9977084696293,207.0538275243956,-302.1386996803707,-302.13869968037073,3
0.0067304362196645,0.8932158224927932,64,0.0061017353763828,0.5541557440172157,356.40968780000003,4.820621676117455,207.68702223126311,339.4469791249272,-148.72266556873691,-148.72266556873691,3
0.0002951411572524,0.8303866494156632,64,0.0068196977475412,0.5831424800392591,415.83193255,8.666672297837078,261.5072719991905,373.36081015071983,-154.32466055080948,-154.32466055080948,3
0.0049989080996226,0.9447356986593234,256,0.0054620565034678,0.7090789296255672,421.92140485,7.433713588224023,150.16479356690542,209.29038735700613,-271.75661128309457,-271.75661128309457,3
0.0054846559148525,0.9069219292829866,64,0.0053049727017383,0.6171100417930512,440.54530910000005,11.073873414025268,199.61553743720287,285.4076959840262,-240.9297716627972,-240.92977166279718,3
0.0062035028763945,0.8072319502751922,64,0.0072494009313372,0.6764558237655887,282.2776014,12.109484710248251,147.84929609769097,159.26883773445934,-134.428305302309,-134.428305302309,3
0.0023755013205154,0.8923823638808425,128,0.0056057217916353,0.9732305327109972,394.4297154,6.921181744821538,382.2802488654852,424.8399519153707,-12.149466534514772,-12.14946653451483,3
0.0001282733586762,0.9966937479098376,256,0.0058718331158276,0.3011459146108902,643.36021095,173.18635359651697,84.96084476869437,46.58578638601938,-558.3993661813056,-558.3993661813056,3
0.0018938864319467,0.960264925099672,64,0.0072648709003037,0.6472781460381049,400.51250295000006,3.146744528986374,72.61008203469683,62.08670129573611,-327.9024209153032,-327.9024209153032,3
0.0014798042929422,0.9067479406322528,256,0.0051940296348135,0.1305606820433331,507.5462547500001,8.998429728200025,137.08539488425012,211.68345471347132,-370.46085986575,-370.46085986574997,3
0.0008845989078498,0.9622133078075674,256,0.0084595249835467,0.1475338144581159,805.8986642,20.10043477806561,120.67326473055871,210.70004427873528,-685.2253994694413,-685.2253994694413,3
0.0059633800654207,0.8838434608698652,256,0.0088283806231606,0.1227075617920483,413.4152255500001,6.244867402383576,99.78472281972644,68.21963834944056,-313.63050273027363,-313.6305027302737,3
0.0025719190685996,0.9704681245296102,64,0.009160713768547,0.408358025304104,520.2086376000001,7.172833701203154,95.81781466752292,49.9226246598782,-424.3908229324772,-424.39082293247714,3
0.002100074016134,0.8642341547430018,256,0.0062786997819532,0.9980846738732652,279.69415035000003,6.009310225985962,247.3228919265792,284.99820942164445,-32.37125842342084,-32.37125842342084,3
0.0044197121675404,0.946915735637874,256,0.0069239905538018,0.514864807799552,477.21810364999993,9.967894289318014,82.88250313070603,64.22150022768722,-394.3356005192939,-394.3356005192939,3
0.0003131959270506,0.8268560223898089,256,0.0050138554374227,0.2436106740073249,462.1007669,24.032444779698565,181.004630234692,284.1053743744709,-281.09613666530794,-281.096136665308,3
0.000701802584029,0.8170516753560371,64,0.0056656800017191,0.2365463871080558,396.7869281,4.1644575036576965,308.87077303396654,353.8337093612574,-87.91615506603347,-87.91615506603347,3
0.0001506123586197,0.8946749309582405,128,0.0086059712552519,0.5359821052117071,466.9242176,11.918881696024355,132.64279601220042,205.1370685959401,-334.2814215877995,-334.2814215877996,3
0.0036011928843065,0.9392608049739184,64,0.0078684293927815,0.4765533592738069,403.42651895000006,6.340175348400932,148.4082732278388,207.96374447984456,-255.01824572216125,-255.01824572216125,3
0.000210454807715,0.962515487985952,256,0.0061261841936352,0.537329571924275,498.22101045,8.428966114780325,110.95061450793874,212.9698130771329,-387.27039594206127,-387.27039594206127,3
0.0002155851138013,0.976055768713743,64,0.0092571950021879,0.2632239618774316,450.67845505,6.079639706317675,74.40229783989489,59.12917635165588,-376.2761572101051,-376.2761572101051,3
0.0001330938257111,0.9231594701192156,64,0.0072167755788398,0.3868461722982667,446.36469585,13.942150527530988,193.5857534764684,287.79128173070137,-252.7789423735316,-252.77894237353158,3
0.0002176049476515,0.972667061341025,256,0.0057806886397993,0.8414395990919108,448.46690525,4.311693680160734,155.52923634722828,249.98647151957252,-292.93766890277175,-292.93766890277175,3
0.0023260959146626,0.9774473695070433,256,0.0096571698429463,0.5165851721555303,666.7009760500001,15.27288962167782,78.95110387578897,59.91675354113201,-587.7498721742112,-587.7498721742112,3
0.0054542884758754,0.882507347339631,64,0.0061871338450396,0.9912450095845512,315.88527885,7.577068236788802,89.89528977929731,64.44875352193482,-225.98998907070265,-225.9899890707027,3
0.0002197826598487,0.8642763309617122,256,0.0088835827519017,0.5212757449970675,446.53378185,19.508389365789,241.8461883653421,324.724077467699,-204.68759348465792,-204.68759348465792,3
0.0025889039980528,0.9437246048349311,128,0.0085971286562523,0.8499841115319353,410.7873866,8.723638374964983,169.35849462585756,205.8081007802065,-241.42889197414243,-241.42889197414243,3
0.0001562754885755,0.8613604359263716,128,0.0073706339748387,0.6327455884790211,421.3103668,9.6157253885526,97.23148500905371,89.58535814314227,-324.0788817909463,-324.0788817909463,3
0.0043756286937705,0.9045712324647645,64,0.0055336465817352,0.9432456151687584,305.93668880000007,9.380937599920813,186.6947443248704,292.7435670083253,-119.24194447512966,-119.24194447512966,3
0.009864330501947,0.806624509164827,128,0.0096226981991203,0.9776428881117052,257.72153420000006,4.004586176596369,186.67194197851933,275.6393547624071,-71.04959222148074,-71.04959222148074,3
0.0002774641594496,0.8491943444841212,256,0.0063200356773241,0.6362223447810992,425.27480265,13.199551566327044,238.47526813884036,332.2056179510448,-186.7995345111597,-186.79953451115966,3
0.0005575688663774,0.93401049990783,64,0.0067542825742955,0.6299187318802227,403.20206105,8.2938685352687,82.1572266721574,61.183962257022976,-321.04483437784256,-321.04483437784256,3
0.0002409446421028,0.9236020314165866,128,0.0057032771233546,0.9916784749587972,422.46166295,11.208351161096,145.11381321776426,211.31157488400328,-277.3478497322358,-277.3478497322358,3
0.002799498754734,0.8985938970288769,256,0.0087540289743867,0.8850961355532247,383.36345445,10.991429414340292,155.85431454690405,272.136768792273,-227.5091399030959,-227.50913990309596,3
0.0002076254395485,0.9679522129549044,64,0.0072502937304716,0.1944627973821478,565.86176785,59.86534357938592,45.86062473315978,60.01392167770014,-520.0011431168402,-520.0011431168402,3
0.005907241759476,0.9584502713090683,64,0.0067022690633381,0.499848191943081,424.45724935,15.62793695610192,164.93375640865415,258.85267646649737,-259.5234929413458,-259.5234929413458,3
0.0027133006346783,0.9716153173769654,256,0.0063038977558756,0.4201890626631426,834.1311358500001,9.957167699645284,209.61834532021604,339.9716254044205,-624.5127905297841,-624.5127905297841,3
0.0002442137467277,0.8640918724640257,128,0.0060391350697969,0.9026322125440102,409.74479025,4.868375147493008,203.34935806341235,338.68402253410096,-206.3954321865876,-206.39543218658764,3
0.0043492918707687,0.8261866856793757,64,0.006247025965049,0.2523184076004287,455.03332255,40.28920080513138,234.8372068048222,323.8097105562955,-220.1961157451778,-220.1961157451778,3
0.008033479188744,0.8358665652245892,64,0.0063535040384709,0.5440913870759274,284.6321281,10.408280149720202,108.47143187953624,112.4669912815075,-176.16069622046373,-176.16069622046376,3
0.0003455581315509,0.8734355274341097,256,0.0057248948018613,0.4384167026748624,429.6575306,14.837583798453402,172.15838470044545,210.2518229256824,-257.4991458995545,-257.4991458995545,3
0.0006959941464721,0.91976768857129,64,0.005128295766472,0.5230112336155822,380.10753555,6.16164017387619,128.96583952438377,209.94345934709915,-251.14169602561623,-251.14169602561626,3
0.0001564212939094,0.9729960047861844,64,0.0090492795499606,0.4700569413159461,410.67245295,5.774975919253621,198.32559661265697,240.7273646967505,-212.34685633734307,-212.346856337343,3
0.0005230186129451,0.9667272668324072,256,0.0065941575223387,0.3521479281926194,492.7575729500001,6.713895491694845,151.57847850387915,203.83097119500616,-341.179094446121,-341.179094446121,3
0.0001343757065968,0.818670218155638,128,0.0054604652918671,0.4637032172407687,349.9015294,12.608914490763706,262.373483105388,372.381270365681,-87.52804629461201,-87.52804629461201,3
0.0092870964404626,0.8712559205172499,128,0.0061515719920789,0.4434753164720512,434.1167048,6.930379379461073,108.38284979897436,51.55159051236412,-325.7338550010257,-325.73385500102563,3
0.0004141956211222,0.8078173433559782,256,0.0094632239897866,0.9486265129427524,274.46561230000003,5.3413324665344994,325.46830963369285,426.5277103108911,51.00269733369282,51.00269733369282,3
0.0065896870462194,0.9256442809304464,256,0.0083593868508181,0.7040490060900559,444.6420104500001,16.91250895348878,153.81237799028457,201.7935375676498,-290.8296324597155,-290.8296324597155,3
0.0002823366354114,0.9227288145287466,64,0.0075618882889569,0.8085421808395477,425.935723,10.421959787187616,217.82058678437025,308.0512413336267,-208.1151362156297,-208.11513621562975,3
0.0072025550896348,0.9108033263709951,128,0.008240321117502,0.1697458280825168,466.1738328,10.855248927262489,82.431195729319,69.85644899157842,-383.742637070681,-383.742637070681,3
0.0054897222707903,0.9515481110474447,256,0.005143002597403,0.6778880684978682,407.1830407000001,8.6897818952351,108.12897218905854,212.33900433313505,-299.05406851094153,-299.05406851094153,3
0.0012326153735879,0.928111729425359,64,0.0061293024320582,0.990822698433906,423.41904295,7.496118636216744,271.0166861812584,368.7657537122476,-152.40235676874153,-152.40235676874158,3
0.0028560321764118,0.9112740554324,64,0.0057856223672292,0.2142582052009058,392.31910505,4.405365061623945,137.0750178427435,202.38564640099983,-255.24408720725648,-255.2440872072565,3
0.0080518687779998,0.825599212433104,128,0.0066094008109404,0.5189010574820992,414.8243305,16.458728557418034,189.12704290119,278.4616033105901,-225.69728759881,-225.69728759880996,3
0.0023512676109348,0.9191738116013648,256,0.0084508400957236,0.5047719582933343,393.20001845,4.334643464785678,125.77818899474804,205.85500147809717,-267.42182945525195,-267.421829455252,3
0.0002154270880792,0.9228607183191808,64,0.0071213635336586,0.4930359554659749,443.3323969000001,6.305038418628991,76.8917704272084,62.1806681144209,-366.4406264727917,-366.4406264727917,3
0.0005132391315238,0.863591661547415,128,0.0073902252935783,0.7958855841091231,304.1490553,6.9423315991283685,257.09978046674115,343.6724083939281,-47.04927483325884,-47.049274833258835,3
0.0086069627056488,0.9224483052745636,128,0.0066390550735266,0.7186385686563883,418.36808685000005,14.065706212488504,328.83259948370977,389.3392681763319,-89.53548736629028,-89.53548736629028,3
0.0001264884897536,0.960427105238338,128,0.0085303042408587,0.3252395842650623,684.14850815,104.40625992889652,95.36235507305828,101.99315896093678,-588.7861530769417,-588.7861530769417,3
0.0006360377377856,0.9568259572839384,256,0.0083187426492127,0.2845051308314973,483.8586008,5.667991849066481,196.3299121699296,242.76561138699648,-287.5286886300704,-287.5286886300704,3
0.0022083806033567,0.9205183476617956,64,0.009127549368742,0.4582257280393658,384.04992335,7.70003336424031,107.74154998788144,99.56346026354448,-276.3083733621186,-276.3083733621185,3
0.0055504624167573,0.9479639055226348,256,0.0082411582446205,0.5931299721671786,451.52733105,5.13132594195014,110.89472068460309,57.37437962458775,-340.6326103653969,-340.6326103653969,3
0.0003598973675529,0.9054887932403206,256,0.0054111149146839,0.8942665947304491,434.061842,11.243831434261462,148.51167402653954,226.860373194423,-285.5501679734604,-285.5501679734605,3
0.0011456656537946,0.9741356028038596,256,0.0055342683798324,0.1050300429480868,606.3800898500001,299.4730410575476,108.21696552953216,121.1355830107087,-498.163124320468,-498.16312432046794,3
0.0039121992922039,0.8684378328456414,256,0.0089252924543738,0.8979958369070928,402.7189702499999,10.264084100787631,199.85862364505883,272.1558844097476,-202.8603466049411,-202.8603466049411,3
0.0003712185645021,0.8272485023337595,64,0.0081721488132555,0.6631830984715377,400.6187709,7.775356353576977,267.24763538795526,335.92123894833367,-133.37113551204476,-133.37113551204476,3
0.0023699271475923,0.8959018864209775,128,0.0095534788029491,0.1405850605053241,471.5595078,8.806961423022772,115.25514637433226,210.62041461783303,-356.30436142566776,-356.30436142566776,3
0.0019507987251943,0.8069906554905978,128,0.0098316113917711,0.1663829712376224,439.7132176,12.773971008024072,237.6035562828416,382.0097622836191,-202.1096613171584,-202.1096613171584,3
0.0005451844192157,0.8937503073020188,128,0.0073760485887777,0.1443452632018016,495.43188565,22.65623409664738,111.44567487805617,162.89666519314008,-383.9862107719439,-383.9862107719439,3
0.000253131478605,0.8027488009373561,128,0.0090802137549605,0.4212803335565217,447.5431039,14.678477679021617,201.8968044741079,268.91612029366024,-245.6462994258921,-245.6462994258921,3
0.0001951422434633,0.8261662813970507,256,0.0070941987421684,0.9605235587322224,368.0612129,5.029522579596574,272.60187853189416,368.1251778217482,-95.45933436810584,-95.45933436810583,3
0.0003074462659948,0.8381608161599625,256,0.0093305655294972,0.799811519834065,313.81272135,8.071083336607778,192.6474419117829,278.41719210301454,-121.16527943821713,-121.16527943821711,3
0.0001716555764049,0.8520911586923096,128,0.0060883433936353,0.7432374066792585,316.57659495,7.969960611843493,206.40936241205785,271.26920354635126,-110.16723253794214,-110.16723253794217,3
0.0002608477826023,0.9119643358437876,256,0.007030911886965,0.546566250539759,435.7435952000001,9.696729210705456,192.5700285431929,273.480267162133,-243.1735666568072,-243.17356665680717,3
0.0041994554590963,0.8362465038664517,128,0.0094704966535219,0.3444826410620159,427.1115554499999,55.59132700966267,202.43103486988693,273.8617236746401,-224.68052058011295,-224.68052058011298,3
0.0005900590956848,0.8199803248660745,256,0.0092176767681216,0.6529764321161078,430.5295074,12.658907032955588,214.87891141506844,286.23227675759864,-215.6505959849315,-215.65059598493156,3
0.0010921370063803,0.904794670577649,256,0.0063138239734476,0.2912666377613688,423.34252235,9.382112714754182,225.5539134089835,332.1640197457168,-197.7886089410165,-197.78860894101652,3
0.000270018600089,0.9442248812177304,128,0.0074655962831005,0.4838884376446135,404.4511477,5.470242780759145,186.1390697441995,274.38978865411787,-218.31207795580048,-218.31207795580048,3
0.000427742593754,0.837340702385507,128,0.0064865137272853,0.4108790974796389,447.0977377,9.367858093005092,231.95317098587984,321.4839687904723,-215.1445667141202,-215.14456671412015,3
0.0004052198650558,0.9798400490140844,256,0.0056291757273572,0.3150685757522251,650.3259265500001,7.794006341395728,103.16610590118216,211.1710672325656,-547.1598206488179,-547.1598206488179,3
0.0001762836138437,0.8453432151756026,64,0.0076005827877463,0.6086303135773077,426.63771175,8.745977272563788,136.58665935758034,220.62551987440813,-290.05105239241965,-290.05105239241965,3
0.0006637121857042,0.80929893183665,128,0.0075158500193828,0.9858889042522664,275.19922875,4.376787077814182,255.64213548321567,374.9000475466022,-19.557093266784307,-19.557093266784307,3
0.0012965190229871,0.9137629752764272,64,0.0079037227630428,0.6750228446582324,423.7328702,8.416272024655338,129.9764401049819,205.3694462653052,-293.7564300950181,-293.7564300950181,3
0.008280242529784,0.8859740481667102,128,0.0056698414475967,0.8357461805532332,429.70846814999993,10.864624227903748,121.06005485879724,208.58509442730048,-308.6484132912027,-308.6484132912027,3
0.0048675802784674,0.9086377595424788,256,0.0057931946943256,0.2262541009560989,432.906876,6.213615881340367,284.78184446366504,316.679751329112,-148.12503153633497,-148.12503153633497,3
0.0047237233369708,0.9693755131737468,128,0.0055500353163111,0.6944413056817248,433.5365110999999,13.117530113723314,202.67747152183,253.2930244757315,-230.85903957816996,-230.85903957816993,3
0.0015734952731137,0.8743408654068744,128,0.0064820542363297,0.5678491590327398,430.0269412,9.801836478532586,187.2510312011349,281.9563290389314,-242.77590999886505,-242.7759099988651,3
0.0003306451426097,0.9906939524128964,64,0.0059955643104321,0.8726677510353896,473.2510346000001,30.95535648202652,104.9148927315604,83.77362044596602,-368.33614186843965,-368.33614186843965,3
0.0001314648616128,0.9327290864599392,128,0.0060384544834833,0.5105376375316367,455.07233545,14.818987000212662,129.41124174816068,222.3780503844504,-325.66109370183926,-325.6610937018394,3
0.0004225751316821,0.8045654797817221,128,0.0051224125113202,0.3994523870228841,435.0026348,14.253695345270732,363.9462342978339,422.9250554295826,-71.05640050216607,-71.05640050216613,3
0.0005514826672604,0.8470013222005076,256,0.00820730165864,0.3045869907146057,419.28763695,10.478224848173172,181.4016710514203,278.0868281994827,-237.8859658985797,-237.88596589857968,3
0.0075653301922999,0.9531737750780942,256,0.0080804378127616,0.1439658427626143,461.56633810000005,3.205521628867517,76.88632179978303,57.425493438337625,-384.680016300217,-384.680016300217,3
0.0001502945260882,0.8150159614869764,256,0.0096326760101941,0.5073609194449982,410.88873155,10.649446792859246,197.1117594415322,274.5617013143292,-213.7769721084678,-213.7769721084678,3
0.0001300560064835,0.9265020662716964,256,0.006526817159719,0.8480851571035016,402.91985735,5.966321746804068,284.9768046583107,362.0142436811283,-117.94305269168932,-117.94305269168927,3
0.0017347867956809,0.9003036365564508,128,0.0061409945398734,0.9168216884838354,392.5539295,15.42033698083386,271.8670984113589,369.46874385000297,-120.68683108864116,-120.6868310886411,3
0.0003376862033434,0.8892684878304856,128,0.0089848907400473,0.7997976289569652,375.54099295,9.309488529879587,258.96473934203385,373.3361736125851,-116.57625360796618,-116.57625360796612,3
0.0019814170597956,0.8908887214055999,256,0.007652900754325,0.2273483948108665,451.05890985,4.628915987601751,232.65648049135925,333.6870433506749,-218.40242935864072,-218.40242935864077,3
0.0008075723494778,0.8072028063369167,64,0.0095096539260937,0.401890947325946,408.3801815000001,15.598151525034565,272.9338354852167,372.836474750703,-135.44634601478333,-135.4463460147834,3
0.0025083347948604,0.8161342444549501,64,0.0050426653512683,0.6138770630930801,286.0186209,8.994831262084151,156.87451887441276,286.88040255955843,-129.14410202558722,-129.14410202558722,3
0.0013546941275263,0.8215290985491238,256,0.00917313355865,0.1973490110782547,426.5678731,9.537604306093264,232.8870209198445,327.0659960993564,-193.68085218015548,-193.68085218015548,3
0.0010305164344802,0.8855672749170431,256,0.0061040740373941,0.1237341106046697,443.77586975,5.568034978869839,131.7167399339378,205.5480476387561,-312.05912981606224,-312.05912981606224,3
0.0067918128219618,0.9415960209660904,256,0.0091590235921486,0.80354580201269,436.7046378,16.955996410614926,201.11325720623137,271.95541200863715,-235.59138059376863,-235.59138059376863,3
0.0040871822408601,0.9984677561542596,64,0.0051032426108435,0.2011669857483085,1434.78176625,38.58996246440228,143.59856375390663,170.39096470634112,-1291.1832024960934,-1291.1832024960934,3
0.0042270597327332,0.9133667033748236,64,0.005926951440317,0.4944673417778917,453.98040720000006,17.630439762041412,101.92554755625316,69.60549199352724,-352.0548596437469,-352.0548596437469,3
0.0004460038945492,0.9275799415426156,64,0.0055400138940972,0.3391443182416429,472.9094982,11.697222732452762,234.5458956071176,324.0753175631117,-238.3636025928824,-238.3636025928824,3
0.0014062302833155,0.9297583547239348,128,0.0050997374729871,0.7072084420227698,405.09532415,7.583647860362594,234.28576453365383,322.7254048724203,-170.8095596163461,-170.80955961634618,3
0.0002866239141091,0.9255419632388155,256,0.0087669545650985,0.4487856029755697,439.06146254999993,9.08693394872966,167.18328603612025,282.7812362801918,-271.8781765138797,-271.8781765138797,3
0.0017410319301307,0.853489897543409,128,0.0099352392697699,0.3937212735685576,423.53825565,11.506812553183044,95.6408121926739,214.9693542788158,-327.89744345732606,-327.89744345732606,3
0.001507876216799,0.8570176427483956,256,0.0073517953564185,0.2428507948105348,436.40004815,7.775471036485666,188.65688387660776,280.23624924488445,-247.74316427339227,-247.7431642733922,3
0.0011761270919878,0.9584355766798512,64,0.0062109760755867,0.1853601027048479,479.7578605,3.812391002359945,137.73738815602263,204.18352281793105,-342.02047234397736,-342.02047234397736,3
0.0005186102272605,0.8314070912502998,64,0.0074885341606147,0.5066681862189678,449.3035726500001,10.159128037795348,200.9928207616089,271.41480930182485,-248.3107518883912,-248.3107518883912,3
0.0002258720261797,0.9492420928736506,128,0.0087722374689204,0.7567697278195156,480.84103515,13.358562742909296,192.97354429457337,292.343174578834,-287.8674908554267,-287.8674908554266,3
0.0004343875024949,0.8767970179035072,64,0.0080983558705081,0.9615861542695304,400.39691995,7.495177379176177,338.52679656976835,411.9505126466319,-61.87012338023169,-61.87012338023163,3
0.0001181227371794,0.9611248920566676,256,0.0093215851648525,0.8189732749543914,418.8797145500001,10.837490060436648,192.7334193651332,277.2251516327344,-226.1462951848669,-226.1462951848669,3
0.003928997957905,0.9206312095559542,64,0.0058372220683488,0.1339222695338811,497.39022735,11.740057204932183,67.87692289962433,56.33615666141704,-429.5133044503757,-429.51330445037564,3
0.0026003629558471,0.8294790627377122,256,0.0083764794351072,0.603057769091688,415.4838423499999,10.376800177287285,122.76781962646638,252.88741888403788,-292.7160227235336,-292.71602272353357,3
0.001034148864471,0.969990938311438,256,0.0080067810462587,0.916694847146874,375.7959817,4.389423290924445,168.4012275752728,283.0299773115836,-207.3947541247272,-207.39475412472723,3
0.0003676005859716,0.857688209908113,256,0.0078197446578874,0.2947949625677136,460.3892054499999,16.39838464425471,234.49377422024264,337.7731508282363,-225.8954312297573,-225.89543122975726,3
0.0004520969915754,0.8804437189734732,128,0.0097759523807132,0.1310810270785811,425.68753105,12.33314419881669,102.94573244100904,62.67205139147956,-322.74179860899096,-322.74179860899096,3
0.00027923038144,0.8831046721413462,64,0.0058486541625862,0.7147642015016811,427.67560490000005,10.452651185082152,138.4744288440328,106.04290237058572,-289.20117605596727,-289.20117605596727,3
0.0046472603213725,0.847832124164988,64,0.0069684724403256,0.8511267176834962,287.0208123,9.147221233863949,164.46389811583794,285.3151425328897,-122.55691418416204,-122.55691418416205,3
0.0006264831141917,0.9239179571354412,256,0.0053850420997054,0.430053350709663,450.34727555,15.20620212283616,187.26344507150932,279.4720127370832,-263.08383047849065,-263.08383047849065,3
0.0029534671897863,0.898544062381807,128,0.0086898075760388,0.942263112729164,397.9143025,6.914522658439845,329.2070714489382,365.0272454955538,-68.7072310510618,-68.7072310510618,3
0.0027679493599738,0.89944805006369,64,0.0070785675227867,0.2146239520861003,475.5653682000001,13.09147063971075,141.28524198654486,200.9050589657838,-334.2801262134552,-334.2801262134552,3
0.0018815379163607,0.9385371039828416,64,0.0057583753708295,0.5797226370990659,398.18192055,6.811267039627764,118.58679912093211,92.13469175689188,-279.59512142906783,-279.59512142906783,3
0.0004403567649265,0.96976009085851,256,0.0099302210223746,0.1263120240242803,619.1763886000001,9.193407239145158,114.12574165740516,213.43192270547536,-505.0506469425949,-505.05064694259494,3
0.0003315100267618,0.8787688625963354,64,0.0061131185429905,0.982064282573224,338.02028735,5.718169462658915,205.91177064562217,338.50769464250953,-132.10851670437782,-132.10851670437782,3
0.0001299042980776,0.8149332824570694,128,0.0095235826380621,0.8656805514041214,310.97810475,6.535729502836034,218.7944491300441,334.82112830360035,-92.18365561995591,-92.18365561995591,3
0.0010046660452932,0.9016127486355616,256,0.0099801172822217,0.1231355947254871,410.0238406,5.975038239384392,75.6612209834042,99.28238981825044,-334.3626196165958,-334.3626196165958,3
0.0004760124929271,0.9905911246679112,64,0.005117645980326,0.2665604228570999,2154.9496926,369.3376051086619,99.2056108379038,210.12869352500863,-2055.7440817620964,-2055.7440817620964,3
0.0001329546384743,0.9484737405684984,64,0.005340192716958,0.956824101453452,472.60262205,14.88285563000742,184.8656328902929,274.2869221710275,-287.73698915970704,-287.7369891597071,3
0.0009196308101046,0.861317766573693,256,0.0059177058702399,0.2864935971029766,406.74514555,6.1947641349599305,278.53292346103115,361.6742887496899,-128.21222208896887,-128.21222208896887,3
0.0044109540338364,0.9714796411155596,256,0.0057181534379803,0.7658398280720367,388.1198172,2.5916113197916224,137.78335093050265,74.27960952116786,-250.33646626949732,-250.33646626949735,3
0.0002376208896323,0.9551742023631667,128,0.0051822785071594,0.9057723347458893,419.20851365,12.650176940576667,142.63052551199218,204.50287374907663,-276.5779881380078,-276.5779881380078,3
0.0005518860960394,0.8872775786965765,128,0.0064724369998252,0.9490320784774384,303.1505128,12.9506843204416,143.16365095642686,233.1519441305429,-159.98686184357314,-159.98686184357314,3
0.0002108953170454,0.937841712806271,256,0.009695740011053,0.8159154255179393,426.9342721,9.41093090579161,185.3697653302923,276.35331346820595,-241.5645067697077,-241.5645067697077,3
0.0010044241651477,0.8809046922306007,256,0.0075077774929767,0.4421785466557831,429.77433525,11.703644727636986,205.7898081662599,279.47841620365983,-223.9845270837401,-223.9845270837401,3
0.0005235535588455,0.8099392205843446,128,0.0091310068432763,0.5131761382495389,366.6218987,16.060629717707865,123.57874092660497,209.9143636622744,-243.04315777339505,-243.04315777339502,3
0.0013793641379079,0.9206717080794156,256,0.0095038726038313,0.1397473097703472,493.46156090000005,5.223470869889789,94.78904240408448,57.25777712699788,-398.6725184959156,-398.6725184959156,3
0.000240914694536,0.8684174912283784,128,0.0052240194468104,0.6375779374524683,440.20169615,15.358545923339056,198.17924326704812,330.81894599236,-242.02245288295185,-242.02245288295185,3
0.0025469749934833,0.9110363670795528,256,0.0081380060831591,0.1316436590813028,449.2184283,3.3776902886858733,56.71390592509415,55.16399645706153,-392.5045223749058,-392.5045223749059,3
0.0006769458799028,0.949615811174707,128,0.0099150168782485,0.1839871744742385,635.0811657500001,15.077697047688304,136.08764144027373,206.734429595028,-498.9935243097264,-498.99352430972635,3
0.0009130078490988,0.8851371426557973,256,0.0066811578863007,0.3877180090489236,440.22043655,11.282703739070577,72.90069283670746,66.83080911424258,-367.3197437132926,-367.3197437132925,3
0.0003201537098705,0.8782317300611464,256,0.0084369817135244,0.2918800869013142,469.8338034,19.026426318745724,157.31283176571597,285.9913203781644,-312.520971634284,-312.520971634284,3
0.0014476129850353,0.8635825863376323,64,0.0068699797001659,0.6968332610006341,414.34598295,14.892335231143557,328.4823675011983,400.9744198625395,-85.86361544880162,-85.86361544880168,3
0.0095874005846787,0.9491826607702644,256,0.0071467785834432,0.3983639638451197,418.5944039,4.897727405793808,208.1124799920013,288.8920266093025,-210.48192390799863,-210.48192390799866,3
0.0016917765544585,0.8007132449480161,256,0.0063040430698516,0.495433634798897,416.3946280500001,16.8557337796372,162.60935835996642,209.18228322487272,-253.78526969003363,-253.7852696900337,3
0.0012083198958289,0.949950171256287,256,0.0075856778694962,0.3728284835726283,578.1912352999999,10.335346963062989,79.59119412479922,52.07670765770062,-498.6000411752007,-498.60004117520066,3
0.000629517267915,0.860869771478011,128,0.0075978963949441,0.4224289682984944,408.20190055,10.916854905151316,245.22007464433557,321.04017970138005,-162.98182590566446,-162.98182590566444,3
0.0006847849950099,0.9086486319314132,128,0.0062377576513782,0.414371145880925,395.9199101,5.460498561674844,150.81835068603976,204.00449097087676,-245.10155941396027,-245.10155941396022,3
0.0009433001837274,0.9593023456080728,128,0.0052529031252098,0.5184488245425921,472.38216795,4.626440540973255,142.85941141112707,206.6486700444482,-329.5227565388729,-329.52275653887295,3
0.0004368713920966,0.982211312623081,64,0.0055697940012756,0.9654436399206228,819.3570356,13.8522282140176,104.98252667617052,47.283818611371125,-714.3745089238295,-714.3745089238295,3
0.0036584389243371,0.8101576460468374,128,0.0060233183645115,0.1316128302934185,444.32033070000006,11.264335344476208,169.9410314216977,282.2767540622573,-274.3792992783024,-274.37929927830237,3
0.0099388402435765,0.8771916016563872,128,0.0099646702741366,0.1079698228079937,198.1068752,119.3202779074196,111.38700258117169,49.77819915216568,-86.71987261882833,-86.7198726188283,3
0.0019153497826776,0.9605474739998964,256,0.0089125243566977,0.5996909032225468,526.0174153500001,4.766649542800603,105.61923287111568,69.99200823737006,-420.3981824788844,-420.3981824788844,3
0.0043300679186135,0.9884487308580264,128,0.0098335503353549,0.6999367110766638,795.99780005,372.8951377942158,94.03836997273756,93.90107970893604,-701.9594300772625,-701.9594300772625,3
0.0024626156939833,0.8474571088705248,256,0.0074153791765838,0.6994103262341967,401.459667,6.622169456805411,173.15641695186497,284.55490195693625,-228.303250048135,-228.30325004813506,3
0.0021399090024624,0.943849599515468,256,0.0099005692375718,0.3967820263144359,588.9539293999999,9.016265384175268,235.4141673029866,326.208230381038,-353.5397620970133,-353.5397620970133,3
0.0057914699320392,0.8030372521102923,128,0.0060562776205668,0.470129358710133,413.2799252,9.315474787095184,206.6931185149355,336.8699056279478,-206.5868066850645,-206.5868066850645,3
0.0018730659106175,0.9521569764657528,128,0.0070579618393659,0.9590258174749658,373.76602045,3.1181000544262045,187.30498421266677,278.73311115603804,-186.46103623733325,-186.46103623733322,3
0.0034347329950341,0.954177082302808,256,0.0053409295630838,0.9984038248375888,406.0146159,6.007136752928413,165.53804305593366,278.2794769411933,-240.4765728440663,-240.47657284406637,3
0.00016956999411,0.9939379322873754,128,0.0064682814739853,0.9563034392182824,810.56578915,415.6510631468557,129.20067397084784,209.42573020039603,-681.3651151791521,-681.3651151791521,3
0.0001060384094453,0.9888980169383084,64,0.0081339347432486,0.8474980098112357,1140.20590235,18.600056684414398,122.31122845088248,63.94012289060777,-1017.8946738991176,-1017.8946738991176,3
0.0013133511515926,0.946122357179834,64,0.0083386034530075,0.9660940060980456,423.20787005,10.287706864049142,325.6991217718925,396.6961208525534,-97.50874827810748,-97.50874827810748,3
0.0083727572546215,0.9748344462993168,128,0.0055522324709275,0.8253797985176599,343.5387699,46.57172392276965,131.76944286599755,130.38309288477825,-211.76932703400243,-211.76932703400243,3
0.0005712644589201,0.907017293857466,64,0.0059129668282592,0.7924854612538881,430.72164605,6.865782958203878,232.98205657566436,322.4359657541809,-197.73958947433567,-197.73958947433565,3
0.0034393152378245,0.891734843768981,256,0.0085441283274238,0.9073641116703476,346.70168985,9.793422397354115,118.5028895885549,121.15166807776542,-228.1988002614451,-228.1988002614451,3
0.0003104971010202,0.923294496493655,64,0.0067013477558606,0.2513880691638869,423.50346915,119.2235197354928,149.50169172966852,195.20909001126952,-274.00177742033145,-274.00177742033145,3
0.0080713507786949,0.8117641567670852,256,0.0061916137723422,0.3513932837813387,454.44953745,64.10446957178658,59.87869838693878,50.017906212583,-394.57083906306127,-394.5708390630612,3
0.0010529928035124,0.9757218771448956,256,0.0097146538101284,0.177848462708759,596.6278818999999,76.10793806669083,48.82635821736331,41.54869482485354,-547.8015236826366,-547.8015236826366,3
0.0009972010945209,0.8160646962000196,128,0.0081544870598613,0.7448381964582886,294.29443645000003,6.576420859258407,197.99695272399111,273.50713147032263,-96.29748372600892,-96.29748372600892,3
0.0001728618950933,0.8032272332481132,128,0.0086150681122029,0.2203320529698536,420.06559255,8.312925804245994,296.8846078366652,360.9883677961472,-123.1809847133348,-123.1809847133348,3
0.0001345045550143,0.8071970840996544,64,0.0069994883814776,0.2812905963168604,459.84262135,14.4072364863985,138.4578087436079,207.770285901755,-321.3848126063921,-321.3848126063921,3
0.0002160090066786,0.9378981708865608,256,0.0097874523500684,0.1040388925186803,506.2269814,13.241662480304688,138.54016076758126,211.57390180583528,-367.68682063241874,-367.68682063241874,3
0.0020135255356148,0.8917972636621653,256,0.008369235170576,0.1262239122825673,440.4874151000001,6.921421024570843,115.70216100551188,70.18971586649243,-324.7852540944882,-324.7852540944882,3
0.0010218127074408,0.8062425612951775,64,0.0077274742059633,0.2618884830942976,426.6052493,11.852007177137624,235.53435048977843,322.3159748751183,-191.0708988102216,-191.0708988102216,3
0.0005351253738092,0.8610712353558879,128,0.0055714976715582,0.2518349410257498,441.29655274999993,9.508871272353476,223.1491607725853,329.9446717694768,-218.14739197741463,-218.14739197741463,3
0.0013296121946079,0.8285324420589323,256,0.0081677441988046,0.2866139551890407,448.533713,10.386095462598789,234.8472719682264,327.27350060369804,-213.6864410317736,-213.68644103177357,3
0.0004240540260285,0.90384461923197,128,0.0082241154876043,0.5719539905471991,424.12409715,11.336549336838408,302.9582157669589,351.4940676785522,-121.1658813830411,-121.1658813830411,3
0.0006717936355809,0.861519817683103,128,0.005838199099437,0.7915707770201534,403.86505855,6.10995873699334,239.58077732045203,321.07383739940667,-164.284281229548,-164.284281229548,3
0.0023775638484807,0.8786086849772932,64,0.0055583731782835,0.900764711287418,325.62388395,18.23295440863723,192.833178488462,274.28097878935864,-132.79070546153798,-132.79070546153798,3
0.0012779226111604,0.928624293636846,64,0.0090252642146785,0.6092976336969107,409.45714775,12.44676298939635,180.11683698659763,244.2924920590748,-229.3403107634024,-229.34031076340236,3
0.0034174938671496,0.8625452104642836,64,0.0066340684261261,0.8466849903355833,307.43511295,8.605396247310635,259.24960917681454,376.1750896391788,-48.18550377318542,-48.185503773185474,3
0.0021748025806268,0.9534029410258844,128,0.007439692249687,0.2360780670670059,511.4126677000001,4.501059052301399,142.8219778834842,204.531496630608,-368.5906898165159,-368.5906898165159,3
0.0062035675068701,0.8018127737756716,256,0.00809360235268,0.9527432627791166,296.38320309999995,6.842279820597146,127.74807733224006,209.67893022165364,-168.6351257677599,-168.6351257677599,3
0.0068081893735879,0.8859805932857039,256,0.0075904651494756,0.6749964489967111,421.5415827999999,13.038950567487548,186.2295540660547,341.44720056270205,-235.3120287339452,-235.3120287339452,3
0.0019619918322954,0.9929830059165822,128,0.0050901321558294,0.1136045377429254,1849.3067452500004,791.6913827604302,80.62968348823487,63.6946223153064,-1768.6770617617656,-1768.6770617617656,3
0.0015290313326978,0.872939707235923,64,0.0053031370886648,0.7956523831535037,327.5459637,5.18886487813595,262.9148793764704,371.6188747930095,-64.63108432352965,-64.63108432352959,3
0.0001019657351322,0.8744797482108954,128,0.0074927262718454,0.7610184383424234,332.3183515,7.642185997448471,140.9463008731371,207.36942755863296,-191.3720506268629,-191.37205062686292,3
0.0027831681037128,0.8021738270840999,64,0.0073961489120035,0.6482879006373446,290.7567273,5.023060542169647,176.02514451011083,279.1948654879463,-114.73158278988912,-114.73158278988919,3
0.0006297736816798,0.8125026125772735,64,0.006433478225219,0.7900433375579986,278.19302780000004,4.985822969961581,308.2137342188042,358.1496724725187,30.02070641880414,30.02070641880414,3
0.0003387874836964,0.9760394777180876,64,0.0073606711599741,0.439347145990854,713.7724458,9.595123799693818,162.52674904949964,201.9928333832888,-551.2456967505004,-551.2456967505004,3
0.0002246646301876,0.8930265437329559,128,0.0071047679022571,0.5086569587983124,472.7194181,18.526070581070925,234.56668168677132,330.68756668085314,-238.15273641322864,-238.15273641322867,3
0.000300154493035,0.816364276860859,64,0.0095743640673265,0.5781727541058607,356.21171385,12.554624213703992,132.05263415476983,241.20782649804715,-224.15907969523013,-224.1590796952302,3
0.0002390689458399,0.9320922625018504,64,0.0066890298425385,0.8560243070641419,431.9000045,6.800886195844304,144.66543798071797,225.41976513893883,-287.234566519282,-287.23456651928205,3
0.0018950055704972,0.8902858129566996,128,0.0061111474629306,0.7325141229514419,402.67144255,10.924910742389306,235.33477110479143,338.67137182618325,-167.33667144520857,-167.33667144520857,3
0.0017456634481961,0.9937882145377545,128,0.0054030775013691,0.828517491586351,1026.68209105,0.6433799915123837,160.5970787016675,88.63269057340584,-866.0850123483326,-866.0850123483326,3
0.0024451287708152,0.8651443016332047,128,0.0064276788915564,0.1612342184535005,423.68797315,4.943126530015739,66.86275872951373,54.3186665284109,-356.8252144204863,-356.8252144204863,3
0.0005053967673914,0.861340882439098,256,0.0089532966442382,0.4343162848409736,418.8821853999999,11.21653872125704,179.0661921066232,277.39557066338983,-239.81599329337672,-239.81599329337672,3
0.0098364662727959,0.8289642878390762,128,0.0056563339076478,0.6066893651314658,330.27988885,23.677468388179825,192.6598672199878,274.7464757593844,-137.62002163001222,-137.62002163001222,3
0.0004476706691151,0.9186365051755104,128,0.0085161915524185,0.919702289162066,427.6846242,11.600948029133551,146.90334291120524,205.52401613096768,-280.7812812887948,-280.78128128879473,3
0.0001611145759403,0.8821898389646173,64,0.0063407068304213,0.7085289664608262,345.9317826,6.962505638702917,228.9116624483373,336.4396527941124,-117.02012015166268,-117.02012015166272,3
0.0001540243995043,0.9837682431981613,128,0.0089244837254453,0.2914051608719191,475.0631436500001,20.11237586955064,174.66462897300954,280.59120243660175,-300.39851467699054,-300.39851467699054,3
0.0072948347470563,0.9929481083392436,64,0.0087007789497907,0.4520525280199523,1135.0501067,32.494208061847694,97.85074755361128,83.69976242381222,-1037.1993591463888,-1037.1993591463888,3
0.0001325718275129,0.9862508039680956,256,0.0078813251426192,0.2294449002387076,1780.1646743,470.3033508581016,91.7120491486974,74.72200904597162,-1688.4526251513028,-1688.4526251513025,3
0.0026408449830065,0.8734600138224505,64,0.0071691723683658,0.9176916095382704,375.48642405,7.20081860655963,196.2136168270372,274.7304332163984,-179.2728072229628,-179.27280722296277,3
0.0001897833458158,0.8900148731252332,128,0.0087343364869655,0.3773330165868005,450.30131245,23.91603867982522,199.11144174549264,289.29138134452603,-251.18987070450737,-251.18987070450737,3
0.0001084265508448,0.9238639045547332,64,0.0060757744835256,0.6858203482678681,447.18211095,14.530384740275524,175.748197130661,219.6294202758432,-271.43391381933907,-271.43391381933895,3
0.0026542864248359,0.8747738987078716,64,0.0065793513459522,0.8258419105934579,382.8643061,6.674022785739172,379.66443848724737,410.69536541899953,-3.1998676127525982,-3.199867612752655,3
0.0081293329182657,0.994059345650798,64,0.0073758961838727,0.3731719270872314,604.9015655,235.4374095400401,108.13558465873356,69.53618733488648,-496.7659808412664,-496.76598084126636,3
0.0009031454886513,0.960666626201168,128,0.0074152717204675,0.9022021203043764,413.34180995,8.527069055268637,207.5680599236657,270.0992571790275,-205.77375002633423,-205.77375002633434,3
0.0029257967623748,0.9026563669430676,64,0.0062702125438999,0.7947507119930289,425.4897357,11.843266615800635,190.77634281390343,276.6952722107831,-234.71339288609653,-234.71339288609656,3
0.007595038873863,0.986923821985518,256,0.0096332081012276,0.7911156754867013,1030.17781835,0.7298471285544229,197.54934069598093,285.0839452356144,-832.6284776540191,-832.6284776540191,3
0.0061825208400341,0.8754643744308676,256,0.0080915369641026,0.2444066297577145,389.27415495,5.009490383261992,104.53428374866488,212.5674482077808,-284.73987120133506,-284.7398712013352,3
0.0052300695180319,0.922059281493191,64,0.0061624013946153,0.7640511771742344,454.4041581999999,14.635826538025906,158.39737107595428,224.47268927524772,-296.0067871240456,-296.0067871240457,3
0.0012904359229746,0.9085813759959996,128,0.0098847366160883,0.9139583484692222,410.22403165,8.30327446736618,137.7067874177592,209.47679343915908,-272.5172442322408,-272.5172442322408,3
0.0023140958970948,0.9182857962824936,64,0.0095920884724884,0.9937781548342772,422.68662780000005,7.958260983828889,118.0735682553146,53.13756894121688,-304.6130595446855,-304.6130595446855,3
0.0032290589054443,0.8005813616321978,256,0.0080632469510494,0.7623090897534435,266.37688665,3.28117408634544,280.0935329872649,371.9318740796671,13.716646337264876,13.716646337264876,3
0.0024487800738465,0.975500194005604,256,0.0097724928390019,0.6810109982375676,923.15558865,5.76456899998443,343.0312668258499,379.8578204561511,-580.1243218241501,-580.1243218241501,3
0.0081166594484012,0.8992956222863582,64,0.006163076457892,0.9938120640895072,302.1943841,14.703637074525044,189.93048099716543,274.586038091062,-112.26390310283456,-112.26390310283455,3
0.0025191032860505,0.9276931296528086,256,0.0058935788043048,0.7880475348513405,398.6646365,7.21604690977868,114.48654226752114,211.5942466951548,-284.1780942324789,-284.1780942324788,3
0.0087922064653061,0.9599952038985012,128,0.0096594872793205,0.9291451360237192,438.1894343,12.906316097572496,77.77295845666086,109.59775677698886,-360.4164758433392,-360.4164758433392,3
0.0003415659091381,0.9964914656229072,128,0.0051909046416381,0.3676341012385699,1015.3929290000002,1.025619026781932,141.04205104678402,157.6765070715442,-874.3508779532162,-874.3508779532162,3
0.0036852053910207,0.9152716871194077,256,0.0053108947228676,0.509127919742781,382.37870075,4.971965174136519,187.74430504874329,284.6193568634385,-194.63439570125675,-194.63439570125672,3
0.0003782798069299,0.8278151150570132,256,0.0078547874712931,0.5451503143544687,442.4974483499999,22.462970139382858,148.7166901882505,209.8377602577265,-293.7807581617494,-293.7807581617494,3
0.0001921001108718,0.8678422979169328,128,0.0071264649572646,0.9026413001347752,410.21807225,10.981847841258638,231.8643955921754,282.80499344307464,-178.35367665782462,-178.35367665782456,3
0.0053856485548291,0.8715114316525117,128,0.0052397478721943,0.3316757474091788,467.97040415,31.35043595595873,232.8649940471369,377.4870963209274,-235.1054101028632,-235.1054101028631,3
0.0001015412044975,0.8839283224390743,256,0.0095563345838162,0.2869433782578424,442.9941813500001,9.11314686186086,198.94198186120485,336.70471566764576,-244.0521994887952,-244.05219948879522,3
0.0001494928923614,0.9640938607345104,128,0.0062919239886454,0.1754939453256435,468.08300635000006,29.33135550378373,166.77846461804583,199.6220192240215,-301.30454173195426,-301.30454173195426,3
0.0013977167481003,0.934117171201354,256,0.0097950550266818,0.1836096284547213,478.74793199999993,6.793592140196752,63.69942850396037,48.71425330147317,-415.0485034960396,-415.0485034960396,3
0.0003216059999577,0.9707450031798672,64,0.0069819181615365,0.3960074476311611,810.4579666000001,8.262158451647837,93.95350809255616,61.548400740153646,-716.5044585074439,-716.5044585074439,3
0.0001285622984969,0.802474924052745,128,0.0068309461193809,0.4327288602575219,422.0435454,9.244795822822022,102.98634664607236,141.7797996808048,-319.05719875392765,-319.05719875392765,3
0.0011293277453958,0.9468200454085414,128,0.0088305799490006,0.4383418229251454,605.74479795,5.122976750405655,79.14274523458444,67.65873236255555,-526.6020527154155,-526.6020527154155,3
0.001085557705696,0.9725676059625036,256,0.0094811914566535,0.5297309458117152,579.03938175,35.49029545854461,97.10188149484163,81.15419287523032,-481.9375002551583,-481.93750025515834,3
0.0004998002883574,0.817026273678633,128,0.0051755786808177,0.8004301797972379,304.9835306,7.74139844233915,155.0345704231877,289.5670898544564,-149.9489601768123,-149.9489601768123,3
0.0013193255297083,0.9678246832578944,256,0.0073623113720731,0.2825879789176242,734.3522264999999,14.784581964871837,76.84399183210917,51.0774164391513,-657.5082346678907,-657.5082346678907,3
0.0002957976588809,0.9352385312919832,128,0.0073019463933443,0.2925682047352853,497.91167825,18.574990964400097,96.27957603118848,50.48959301377535,-401.6321022188116,-401.63210221881155,3
0.0014885157621674,0.9596175903029588,64,0.0060896712719694,0.8390676985975555,394.0722882,7.1672379640880175,94.08724264715276,64.52380611898454,-299.9850455528473,-299.9850455528472,3
0.00649671335505,0.9744768918334142,128,0.0051163878070822,0.2219871810452139,593.423545,29.93452631739564,153.8974554676097,284.16492380037187,-439.5260895323903,-439.5260895323903,3
0.0012984797100591,0.8944966245985863,64,0.0097980274143729,0.1231574015949152,412.4623228,4.176422923857471,147.59916659826413,203.483280504602,-264.86315620173593,-264.8631562017358,3
0.0001883391268306,0.8500681965634663,64,0.0073631511236624,0.1515465081883739,460.5262015999999,52.78839726340861,117.1145821744576,152.5727385683665,-343.41161942554226,-343.4116194255423,3
0.0002383880381582,0.836050952552849,128,0.0075858568293392,0.1247204001888945,422.76127620000005,6.278478216176554,189.58267624180297,275.6983540192713,-233.17859995819708,-233.17859995819708,3
0.0001533615568462,0.8153313042051121,128,0.0091284485750232,0.8935479091051161,296.4392897,3.609103813577136,232.3983958594501,330.78353133797856,-64.04089384054987,-64.04089384054993,3
0.0002482556104187,0.9580870819929436,64,0.0079216104932447,0.1242071080476109,438.05907475,11.849970222022066,83.839120120203,63.6645736740384,-354.21995462979703,-354.219954629797,3
0.0004613288635479,0.84604894544762,256,0.0078205660997241,0.1483595355467229,479.8859270499999,22.53301313865596,95.03944953600292,82.51052414701418,-384.846477513997,-384.846477513997,3
0.0059030261968572,0.9592720529310867,128,0.0081198455136524,0.9072089852788934,402.6271987500001,6.281690732772325,177.5624530488276,236.3942641249257,-225.06474570117248,-225.0647457011725,3
0.0082818986975733,0.9648327720617148,256,0.0082098460049274,0.572301922401235,444.57182485,4.9224412749995725,118.0976329577621,211.3769628289987,-326.474191892238,-326.47419189223785,3
0.0023879105472999,0.8170189467360789,128,0.00632288484588,0.520073670226247,424.1561486500001,12.454003295593823,260.0668199982523,374.60350875969726,-164.0893286517478,-164.0893286517478,3
0.0024543485213646,0.923175987963036,128,0.0092607437086367,0.4069741455155263,423.706287,9.427854992110955,143.28676034100354,226.19049731950312,-280.41952665899646,-280.41952665899646,3
0.0003704749972302,0.942515076735544,256,0.0070702909170425,0.5683923841640591,427.6468159,14.94626242945701,147.2056619160343,206.5744930107793,-280.4411539839657,-280.4411539839657,3
0.0004225546773074,0.8222927724340091,256,0.0095187597740614,0.7648994042491923,365.79323805,7.429840642984603,382.09211385727394,415.02377325670034,16.29887580727393,16.29887580727393,3
0.0006142218670532,0.8344447976912301,128,0.0062902054439038,0.149080416949571,423.34832035,9.237281712350768,152.91873054798924,222.69783660175648,-270.42958980201075,-270.42958980201075,3
0.0060463916183473,0.8653037556428396,64,0.0064138164231097,0.7043608466854377,278.52227965000003,8.534006679838393,105.1532596042176,66.78970257756211,-173.36902004578243,-173.36902004578243,3
0.0049141400649961,0.8384855141322705,128,0.0073187717892445,0.4128471288876745,426.240144,13.09995335932116,130.40409809823615,212.53904616411555,-295.8360459017639,-295.83604590176384,3
0.0001646134735048,0.8233777746688099,64,0.009809178179009,0.2544248533126751,461.53544840000006,14.841072796589826,242.5483507197816,321.5306963685061,-218.98709768021848,-218.98709768021845,3
0.0001287805199084,0.8174551999805276,128,0.0096693617100454,0.4583432533397479,449.08324475,11.27593875500486,274.5345631204953,366.1563115371856,-174.5486816295047,-174.5486816295047,3
0.0012657161163432,0.9922421172506196,128,0.005213179234675,0.3243785473514446,2870.67839775,152.40654029884558,132.5458943162521,209.60202704192747,-2738.132503433748,-2738.132503433748,3
0.0005077352881374,0.9393438254329268,128,0.0088935156449006,0.3114764528778219,503.2642333499999,7.269815306137975,114.76025012356112,53.14660243606555,-388.5039832264388,-388.5039832264388,3
0.0004929754659434,0.9135932869396362,256,0.0073358068430973,0.6893673186303138,444.7353467499999,18.09477117627879,226.94881939223268,331.6491283028608,-217.78652735776723,-217.78652735776723,3
0.0058662571706483,0.9805693773474796,256,0.0094205309109024,0.3102412806870588,822.3254201000002,9.165044211501964,189.9320196700195,169.1217277038466,-632.3934004299807,-632.3934004299807,3
0.0003160823274948,0.9816401083456506,128,0.0069724999138917,0.9027929065454644,856.5121065,84.95778577108563,97.61266227853484,64.13144295613984,-758.8994442214652,-758.8994442214652,3
0.0059367768755521,0.9077625308278996,256,0.0058355171345561,0.569175035824869,443.6025339499999,14.62524012914913,76.58848083766642,65.9998239553699,-367.0140531123335,-367.0140531123335,3
0.0084547438446548,0.9975460887932124,256,0.0061869236497737,0.9085050124049964,1178.4605667500002,7.495869123719896,76.290308030101,63.69078416353239,-1102.1702587198993,-1102.1702587198993,3
0.0017596340796999,0.8249182323955266,256,0.0096620390802975,0.2141917491324519,422.78258665,8.583742940278007,118.68021323366555,106.3670100527471,-304.10237341633444,-304.10237341633444,3
0.0008012814316256,0.8507093536837298,64,0.0093462711447747,0.1559983517045527,464.5667667999999,11.067863520824666,171.09962976494862,280.6313087058406,-293.46713703505134,-293.46713703505134,3
0.0003140669855817,0.8991971210096188,256,0.0093255104701775,0.8876466981926391,416.62729665000006,9.614409363159297,182.6477417545393,281.08141702135185,-233.97955489546075,-233.97955489546075,3
0.0023934863188195,0.9409563364297796,256,0.0095146835989699,0.5146136927068075,524.9153146000001,5.519446839023913,157.52979701081057,279.24882863312286,-367.38551758918953,-367.38551758918953,3
0.0012430503937308,0.9562310786383306,64,0.0092609206333215,0.591276029087515,388.92312645,4.095036872635824,73.45693745396565,51.223670396979855,-315.4661889960344,-315.46618899603436,3
0.0005250341127754,0.9212640556855066,256,0.0086795637894182,0.824673829045508,433.6415408,12.449852530868736,139.12150011119374,205.91382439159295,-294.52004068880626,-294.52004068880626,3
0.0018359643687448,0.8414742601203332,256,0.0063468997127244,0.7267484189327584,382.9826318,6.498494960443949,338.83554019657896,388.06560038495326,-44.14709160342102,-44.14709160342102,3
0.0033993285556764,0.91300241590779,64,0.0066826362758911,0.960830064951648,387.26425485,5.772980316296717,148.92328173854622,217.12992640857607,-238.34097311145376,-238.34097311145376,3
0.0001220438425739,0.966302878375778,64,0.0081945897009926,0.2718519839441722,465.23973380000007,8.214625468380348,98.49967236099764,68.26897219782866,-366.7400614390024,-366.74006143900243,3
0.0018900416001841,0.9945518502825564,128,0.0090672268623227,0.6962298813982075,1028.78610895,0.4218997152486969,131.20618190121314,107.0320466664122,-897.5799270487869,-897.5799270487869,3
0.0016469522737882,0.8264399201387096,128,0.0085003437653033,0.4486125111764629,419.2803769,13.21067716952192,276.3948311528191,362.4432266575123,-142.8855457471809,-142.8855457471809,3
0.0062638860867607,0.817997148260371,64,0.0089935935051863,0.7917217631701053,269.7120412,7.335932839703997,126.67968367140855,207.44045923032888,-143.03235752859143,-143.03235752859143,3
0.0006505193767633,0.8806558267310595,128,0.0076672511848842,0.4611695465121213,434.78211245,10.407057279766413,77.80781356369698,64.69603167407327,-356.97429888630296,-356.974298886303,3
0.0002852271707278,0.9575953018453376,128,0.0083899807218328,0.9451746901744218,430.80017125,8.901589808711485,162.97988816006108,206.1588145457477,-267.82028308993887,-267.8202830899389,3
0.0063309032614649,0.8085309385690345,256,0.0089861509464867,0.1083655626881111,412.2378965000001,7.735401083070907,171.6615333893962,346.82808029835206,-240.5763631106039,-240.5763631106039,3
0.0095908381192054,0.9074490906739112,256,0.0064756470152621,0.7198278531212765,463.82097985,14.098772602032364,128.46381742528465,213.1204889926481,-335.3571624247154,-335.3571624247154,3
0.0005915631076152,0.8611022461186719,64,0.0073113264201329,0.5189548050117501,425.8102082,13.396807319009604,166.13871787881945,281.61983285592106,-259.6714903211806,-259.6714903211805,3
0.0001326495790749,0.8807343961937393,64,0.0081314074304532,0.7141905152700508,439.79676965,13.297764598148058,235.6340727439616,324.6004326153404,-204.1626969060384,-204.16269690603838,3
0.0015251436791875,0.8208877652409817,256,0.0060039282398112,0.5569904684737108,382.5297721,11.444537889663245,212.4732900978066,277.2672688113413,-170.0564820021934,-170.0564820021934,3
0.006134252835126,0.9700757471903516,64,0.0080308856512488,0.2918098392293397,733.2937524,6.80376116727839,143.95743636367845,203.1540118848596,-589.3363160363216,-589.3363160363216,3
0.0001582031969644,0.922696980246063,64,0.0098163564631165,0.4494411005001758,441.5856069,21.542034535919814,147.2300391470082,204.69403646911908,-294.35556775299176,-294.3555677529918,3
0.000924420155296,0.8957021948570962,256,0.0054526045898229,0.3992834551295685,410.1306999,8.22789926746873,220.51015566964637,266.2470055997059,-189.62054423035363,-189.62054423035366,3
0.0001730978112883,0.8056513494464511,64,0.0075280622839198,0.2508522491893368,428.3248235,9.142707814799218,163.14901302554645,201.38225298052376,-265.1758104744536,-265.17581047445356,3
0.0002237600080299,0.9703069761741298,128,0.0068719593870605,0.884211839735958,441.7524548500001,13.865277355903704,197.61697757744983,272.6538505986776,-244.1354772725502,-244.13547727255028,3
0.0004617366746208,0.8655038256168556,64,0.0063476004754308,0.1432619723998937,461.5338306500001,8.639610150628588,153.52048035906628,204.46308927601487,-308.0133502909338,-308.0133502909338,3
0.0048195489578326,0.8007805483673257,64,0.0099239424603933,0.72534648849406,285.9439603000001,5.369483640796664,271.1883184961742,374.6468352838101,-14.75564180382588,-14.755641803825881,3
0.005685932165638,0.9771506327828764,256,0.0091177498357358,0.3823382759138578,486.8919876,10.3858106383146,92.7440157251287,61.32410149498097,-394.1479718748713,-394.1479718748713,3
0.0019863319057497,0.8359007413091224,128,0.0089161924250881,0.9242658195751672,269.986971,3.120628818690638,299.6918971461593,402.59515552195097,29.704926146159323,29.704926146159323,3
0.0009078311150788,0.9607463016579318,64,0.0087790241719794,0.1925315159495447,554.72899825,12.53416240231559,120.98510846022982,210.6227722452451,-433.7438897897702,-433.7438897897702,3
0.000202964241859,0.9078833768914462,256,0.0054785393462409,0.3409482117596576,448.06196045,9.909516256566269,118.00811706748792,210.897403745041,-330.053843382512,-330.0538433825121,3
0.0002921987843933,0.9698448067358372,256,0.0054100943686622,0.8845746744307514,425.85654475,13.890444137701952,234.64218942619627,327.4122233664455,-191.21435532380372,-191.21435532380374,3
0.0001049365449371,0.8493592373040219,128,0.0053963857963365,0.7705303959885966,284.08892305,7.20935546829779,186.9989040399232,286.6775359400319,-97.0900190100768,-97.09001901007682,3
0.0061182430253371,0.8424809902511191,128,0.0068525377597485,0.3915878798376496,427.01901575,9.508621358610924,226.18672608421184,328.1061100768082,-200.83228966578812,-200.83228966578815,3
0.0018850360750112,0.8964883307701061,256,0.0062918048111391,0.7788466482232866,430.9330782,14.177839108619022,310.37752143582327,357.81230070037884,-120.55555676417674,-120.55555676417674,3
0.0012354018587986,0.8130785121071128,256,0.0061291730490879,0.1500171649807047,433.6400922000001,7.5164276640137775,216.95688224370824,270.51623818324424,-216.68320995629185,-216.68320995629185,3
0.0002181002388345,0.8259484397567323,256,0.0092945018675904,0.9290391643041036,330.0585089,3.655891893599517,279.0939962661825,373.5870293240871,-50.96451263381749,-50.96451263381749,3
0.0014106154932809,0.8294585395674607,64,0.0059262632819767,0.4314421293589806,465.19395345,22.59057847365708,118.28024140967754,214.00779654415092,-346.9137120403225,-346.9137120403224,3
0.0014870245301262,0.8646659620624993,256,0.007698019387354,0.6702195068371056,421.5594513,13.712937218788786,176.0349644697504,292.65285778027595,-245.5244868302496,-245.52448683024957,3
0.0001565372929904,0.8251088022732008,64,0.0075776703240274,0.3272665318949817,467.15472395,22.414041116952703,226.06191493290825,331.26214395861587,-241.0928090170917,-241.09280901709175,3
0.0005479806468218,0.9031771673167888,64,0.0071158598246368,0.7526337724051079,455.7599841,8.744719095847257,195.71123414705508,274.141868645264,-260.04874995294495,-260.04874995294495,3
0.0001640814892975,0.9281200169290946,128,0.0051423241937409,0.1750165104125265,435.9134144,13.08609747720583,75.3128314163303,60.83607861286668,-360.60058298366965,-360.6005829836697,3
0.0005666382059468,0.9508131620080752,256,0.0070929618879625,0.8320926712282998,428.0825610499999,4.649435396269316,105.1316752272658,57.38156714116058,-322.9508858227341,-322.9508858227341,3
0.0092201039865424,0.978803178534922,64,0.0079854182640766,0.9891735625111812,455.2798784999999,107.3000126247838,200.3881015677121,271.97405185289364,-254.8917769322877,-254.89177693228777,3
0.0075091772771604,0.9971324571105304,256,0.0068397334884239,0.3033502597526841,1029.50909225,0.5360307926259602,119.00407700128854,84.28790828999432,-910.5050152487112,-910.5050152487115,3
0.0001058325438175,0.8223679856422434,256,0.0080789476828533,0.8483111169250266,274.2227356,3.639973172845868,304.51841078000143,404.15512786614016,30.295675180001467,30.29567518000141,3
0.0002646323110873,0.9933890640180074,64,0.0057987915030273,0.6162068104827624,1023.7438042,0.5225075508472286,156.5064562949352,209.7237238125548,-867.2373479050649,-867.2373479050648,3
0.0002090727995456,0.9262717713406704,256,0.0089249437931643,0.1467664070164521,497.4126535500001,11.45878088040777,216.9826654423028,334.01010320804846,-280.4299881076972,-280.4299881076973,3
0.0032890826203592,0.9515224341387488,256,0.0097582658686726,0.3966315174893868,539.07654325,4.118208027365034,92.10295840425532,68.7671216609162,-446.9735848457447,-446.97358484574465,3
0.0002107199894278,0.9343302420618383,64,0.0074602222324091,0.4684985895168236,444.9491184,11.794504794672044,143.4485668649664,203.71321305447867,-301.50055153503365,-301.50055153503354,3
0.0009646577487501,0.8899111536754379,64,0.0097219947018426,0.3769789286775368,427.3434626,16.19683371468738,267.11056748903354,362.0185786570006,-160.23289511096647,-160.23289511096647,3
0.0007167023113875,0.9437485200739693,256,0.0072160509004189,0.3207547758334104,583.05720755,5.152829598815655,151.2756536164321,203.23142468480796,-431.7815539335679,-431.7815539335679,3
0.0015636146300751,0.9062484689791525,128,0.0094895871651203,0.7444055315217163,396.52794155,8.373447492219608,331.7201810637489,392.2771574383656,-64.80776048625114,-64.80776048625108,3
0.0005528746320173,0.9628707533199604,256,0.0087778037748315,0.5050244672657183,711.83656915,11.010056879212245,127.53486564087216,81.6608021206478,-584.3017035091278,-584.3017035091278,3
0.0004543246750662,0.8301828878759909,64,0.0092635961077395,0.5243821478578055,336.91124195000003,14.317822343132464,219.86180274162325,331.14840101163287,-117.04943920837678,-117.04943920837678,3
0.002900888022599,0.8538794055065975,128,0.0063352706345415,0.2452960374438236,433.54883295,12.01741950580876,235.82655224748888,325.5849379615009,-197.72228070251117,-197.72228070251114,3
0.0006280672133417,0.923954205773507,256,0.0074541982189791,0.8946048401230526,432.08138595,5.8880187680223495,169.92565671909833,283.1360629626764,-262.15572923090167,-262.15572923090167,3
0.0037679000709887,0.8932463297111702,128,0.0084536058975597,0.3584664309452997,401.3667022,11.601737008951153,158.78839156820905,280.975318705847,-242.57831063179097,-242.57831063179097,3
0.0063267283469516,0.974784541735857,256,0.0085381371652995,0.2040375672556172,507.30280690000006,5.229722890171898,227.6762035869382,327.1649651504967,-279.6266033130619,-279.6266033130619,3
0.0011153994286749,0.8288494737450449,128,0.0073176312886547,0.2027490687355247,440.6706002000001,12.391406557547477,142.12023367965594,209.40329106396524,-298.55036652034414,-298.55036652034414,3
0.0001140151596685,0.8319879896223269,64,0.0061228471586365,0.6889082355439603,328.22937764999995,7.952315427933835,276.4736345525365,364.74528989957946,-51.75574309746344,-51.75574309746344,3
0.0009276989048565,0.9971634643444924,128,0.0092041304702931,0.8418890141247674,996.14307545,1.8852344294367127,222.32643486706075,278.54399058206747,-773.8166405829393,-773.8166405829393,3
0.0011338385263741,0.9052094800122092,256,0.0085873251237274,0.8939500175777252,436.41070695,11.877604926597272,351.21155754807404,428.3798502378377,-85.19914940192592,-85.19914940192598,3
0.0013347078905524,0.9622656510236248,256,0.0061348677199516,0.4307985591103553,616.4597935,8.88982941092738,146.28808625116943,200.2425842780504,-470.1717072488306,-470.1717072488306,3
0.0024516669975186,0.87089343246213,256,0.0056911453171187,0.3203554187160284,417.86487035,6.9699418993571705,93.18617121707648,211.86749746791423,-324.6786991329235,-324.6786991329235,3
0.0009432104673766,0.8524857491883168,128,0.0080466611268511,0.7813575223450753,418.6195112,11.548086247262477,113.04516093622952,241.5276531249015,-305.5743502637705,-305.57435026377044,3
0.0009033008865325,0.911781114239372,64,0.0090822141462419,0.1853013732082269,474.8424777,5.658497905456062,219.0940518747317,329.7944877456824,-255.7484258252684,-255.74842582526833,3
0.0016393266432773,0.8514457974663165,128,0.0078776996252652,0.3862998791058071,443.97349275,24.136859360891044,152.75402909647673,213.08942177877225,-291.21946365352323,-291.21946365352323,3
0.0003010263919513,0.8556105099554965,256,0.0098476704058146,0.6018022986760179,472.55512715,13.603612121618244,115.63260062644258,103.34836438450672,-356.92252652355745,-356.9225265235574,3
0.0003069472644164,0.9543908865617982,128,0.007961681876971,0.9852703523653208,443.0350129,11.580404748334994,146.53618464246392,127.35303658270766,-296.4988282575361,-296.4988282575361,3
0.0025617984266517,0.846706446777848,256,0.0069426526181494,0.3545873010870183,407.06650745,10.98859975873193,223.33422473771495,327.1642720714827,-183.73228271228504,-183.73228271228507,3
0.0040407100945975,0.9748361653473364,64,0.0072623318589676,0.6064526478658262,445.69038545,5.477614949824148,101.09844641331584,76.7078404828506,-344.5919390366841,-344.59193903668415,3
0.0003186297688992,0.9349266871949132,256,0.0091174847384548,0.2627191243808279,518.8794831499999,164.0335047097059,209.07761988615383,248.39214110351543,-309.8018632638461,-309.80186326384614,3
0.0027853723103515,0.9824841307547184,256,0.0064430023951262,0.2910832087386375,658.698353,5.897989794098322,163.9410927945981,282.1813798686862,-494.7572602054019,-494.7572602054019,3
0.0049524268234668,0.9758291588366772,128,0.0050842934736317,0.2264462225704093,654.3506629,9.380864656922762,109.7199681590777,68.32112627754543,-544.6306947409223,-544.6306947409223,3
0.0065900730621717,0.8080769320105348,64,0.0098371587678598,0.6448535446702538,269.64652725,4.761845727770719,71.16555554307998,82.1159350096625,-198.48097170692,-198.48097170692006,3
0.0054391596641465,0.8319871586232731,256,0.0094263452148002,0.9920146689355752,407.66588795,4.427691761155536,158.45896895672195,287.00862778679027,-249.20691899327807,-249.20691899327807,3
0.0034324181519996,0.8015852896251032,128,0.0091805986808203,0.1524739963323562,432.9149362,65.93435462349922,171.77558064735496,278.38364201930744,-261.13935555264504,-261.13935555264504,3
0.0006198070406664,0.9571363580814368,256,0.0086148318621547,0.4924374735007003,622.32385745,9.982064767580749,78.76281194360926,105.41413063362816,-543.5610455063908,-543.5610455063908,3
0.0014411910249594,0.9765349958700296,128,0.0061939232305626,0.7409320956523082,1306.6869087500002,7.15150398767519,136.49489953161682,209.21415322182008,-1170.1920092183834,-1170.1920092183834,3
0.0044438063732433,0.9572407240556844,128,0.0067581868585732,0.6410800364408755,415.86054755,9.997590273038556,155.6119759877678,190.5757473958683,-260.2485715622322,-260.2485715622322,3
0.0002154606893209,0.9495113431905068,64,0.0077081593110194,0.1011093747000436,473.85459225000005,17.857174816480804,96.01355647312012,68.79313794753044,-377.84103577688,-377.84103577687995,3
0.0004152306757196,0.9124538444566872,256,0.0069807811454827,0.2306314124302312,460.30167255,18.60468434589716,154.122646976728,203.6285305159411,-306.179025573272,-306.179025573272,3
0.0001221243013923,0.9741571650611314,256,0.0072611329753053,0.5277961598886374,451.2163749,5.906214015139957,188.9505827448098,275.6709423759244,-262.2657921551902,-262.2657921551902,3
0.0007079388620543,0.862865582894452,64,0.0088683088977121,0.5403922145204033,438.00677185000006,13.061430577094727,177.4598735151347,282.2883047448728,-260.5468983348654,-260.5468983348654,3
0.0002732563545686,0.9247121695345574,256,0.008498858002045,0.8724738413755265,454.57421625000006,9.36955450101305,170.58982698513427,279.21412371456654,-283.9843892648658,-283.9843892648658,3
0.0002170169218263,0.8099160098356628,256,0.0076801630238736,0.7096677305003765,347.29399025000004,9.208789372543556,266.8899648460043,369.4468141771604,-80.40402540399572,-80.40402540399572,3
0.0051741881451842,0.8468973639126234,256,0.0065019129075929,0.5886311504341936,425.3323938,14.740861354965912,169.77103038057686,283.2059832014473,-255.5613634194232,-255.56136341942312,3
0.0020879094868705,0.8254418390703858,128,0.0088458762464555,0.8059207397634072,278.44024435,6.175520006292814,144.2511126660276,217.42210637562704,-134.1891316839724,-134.1891316839724,3
0.0042416395080497,0.8590998918729731,128,0.009776883728906,0.8204405772579099,386.16962265,4.84175058797279,136.03673213664442,223.20405977563172,-250.13289051335556,-250.1328905133556,3
0.0004658824706862,0.9814108165573394,64,0.0067049789615267,0.2382753628018757,713.4664893,25.125268200977096,55.51038247385295,56.517922688194346,-657.9561068261471,-657.9561068261471,3
0.0025485877643165,0.997052647065584,64,0.0061754368177682,0.6697461052881662,1080.2322696,18.84526983707739,154.74479234686586,203.4393616076951,-925.487477253134,-925.4874772531342,3
0.0001685234715882,0.9376777070592844,256,0.0063231793514076,0.4503661249297214,500.85544775,15.8948105410154,62.744351555756296,58.108237187393705,-438.1110961942437,-438.1110961942437,3
0.0014852742191142,0.9192152199355844,128,0.0088130649759686,0.819386318520982,408.4763233,8.572420453031457,129.5508231027634,210.18491299629557,-278.9255001972366,-278.9255001972366,3
0.0015662670852597,0.9803564709065226,256,0.006480166085294,0.4338257354733819,1124.36195735,106.39316285309891,85.97868041758775,54.39829241459695,-1038.3832769324122,-1038.3832769324122,3
0.000647265551693,0.9461619301344548,64,0.0081892820190653,0.517764834535632,429.20057525,6.276141428577261,135.90694318935277,144.90748413695275,-293.29363206064727,-293.2936320606472,3
0.0018218774680564,0.8525904314766117,256,0.0066057798303653,0.5957429501656811,416.2454603,13.793795744673332,112.29128826893866,74.36352047142522,-303.9541720310613,-303.9541720310613,3
0.0003010120435973,0.9083961612493306,128,0.0086924451957702,0.7786926180823893,442.06766945,13.443166091920151,131.40963311389788,210.5442894407758,-310.6580363361021,-310.6580363361021,3
0.0004745490645277,0.9369151550999112,256,0.0094342385392698,0.1234388996437814,510.64646585,10.490645857624031,225.27042910801248,325.7027656688603,-285.37603674198755,-285.37603674198755,3
0.0003646360029379,0.9892377557286812,256,0.0095043990485102,0.6393643098698385,1353.6802510500002,19.887772470400385,303.08754018414766,356.41317219485865,-1050.5927108658525,-1050.5927108658525,3
0.000470859668716,0.8211779504564902,64,0.0091376622377095,0.9783725543402092,267.502491,4.325333571075337,243.0899142667069,336.2445473738855,-24.41257673329312,-24.412576733293122,3
0.0001059976415026,0.9301862722385908,256,0.006708712977873,0.4112965508892287,436.8738777,25.474469813372803,83.8819144428473,34.01203100464741,-352.99196325715275,-352.9919632571527,3
0.001999229655038,0.974019799321452,256,0.0083453351221081,0.8725485702032294,458.03685135,6.203315558616801,96.43572135923324,61.04927913247971,-361.6011299907667,-361.60112999076676,3
0.0007048918867988,0.937994722099744,128,0.0063403967082254,0.2991353601698291,561.0077893499999,7.994379011445897,158.0580550836865,198.8167879826667,-402.94973426631344,-402.94973426631344,3
0.009137898002031,0.8701854279231223,128,0.0054929204671261,0.3413595116690431,466.04979345,14.746990664238854,250.60875806935076,378.68443009490153,-215.4410353806493,-215.44103538064923,3
0.0004668180240277,0.9347750417477048,256,0.0089401398813914,0.7599731824183432,400.8014585,6.190805798120781,198.6379740561068,341.9047509688473,-202.1634844438932,-202.16348444389322,3
0.0061239361173921,0.8670209416124451,64,0.0070043656057459,0.1592797378788,420.5141017500001,12.972179994083591,111.4452249654394,210.44858053895243,-309.0688767845607,-309.06887678456076,3
0.0001357168590868,0.9606315823403224,64,0.0090189725673263,0.2855955208189197,402.9892783,9.608498019900413,270.80407525997725,369.374684482098,-132.1852030400227,-132.18520304002277,3
0.0001265643448307,0.9758729515066968,256,0.0059229344312921,0.9713803687345806,554.7376835,15.573093586290458,262.50192466329315,346.8948853118076,-292.23575883670685,-292.23575883670685,3
0.0005516183218321,0.9325377366635502,128,0.0070176825690316,0.490261991949441,445.6785176,12.13294989468717,228.69890758061084,331.11144729903714,-216.9796100193892,-216.97961001938918,3
0.0051434534152665,0.8290792705192092,128,0.006264704667488,0.5979491277837681,306.55846215,6.872785294955984,196.74182233272583,338.9524787070719,-109.81663981727417,-109.8166398172742,3
0.000364161770535,0.916970628291736,128,0.0098183527243951,0.1417430398048527,424.7241711,7.235465721464232,81.69646982228733,63.82434891080695,-343.02770127771265,-343.02770127771265,3
0.0003281508374931,0.8003470843059887,64,0.0088609501698342,0.5002332651496827,339.74383664999993,10.847741610327658,234.20535603059687,326.4610139430145,-105.53848061940306,-105.53848061940306,3
0.0002478471752545,0.9030712424877424,64,0.007924800454624,0.6202809953691875,433.76482955,7.862918592842561,287.3932818815577,363.2245155006502,-146.37154766844225,-146.3715476684423,3
0.0041944066332132,0.8906207488204392,256,0.0092422205281226,0.6786383544239806,426.43494455,14.272023440215182,154.4168472511461,221.5878482997545,-272.01809729885395,-272.01809729885395,3
0.0008581458935301,0.9396563772294672,64,0.005239190652884,0.9896278150863264,441.04000945,10.08565416677975,233.61702778512264,301.33275888048047,-207.4229816648773,-207.42298166487737,3
0.0008359516370411,0.998049690136094,128,0.0081492388035396,0.2519271373322392,1076.69237995,301.08127361336534,75.8859727020259,67.10387453156373,-1000.806407247974,-1000.8064072479741,3
0.0005209236383814,0.976227143371281,128,0.008613491530348,0.2478936365306497,662.20725025,17.314501845718897,178.6604077984113,276.88910628836624,-483.5468424515887,-483.5468424515887,3
0.0080191403965988,0.8406069788481202,128,0.005427675052226,0.1259778912219716,448.40202640000007,19.90620299703509,68.22847840213144,204.69030843333223,-380.17354799786864,-380.17354799786864,3
0.0023004742960898,0.9526848293358084,64,0.0050725425544368,0.8875640811390901,440.1962257,13.215008524893424,130.05301834874552,208.40448916194828,-310.1432073512545,-310.1432073512545,3
0.0067360129597129,0.836212325568949,64,0.0059463940727008,0.9815300160336108,256.74168335,3.6119911918724457,197.071488490107,274.1155863890553,-59.67019485989295,-59.67019485989303,3
0.0002902969073719,0.8253057895256491,128,0.0071363856292582,0.143057100512831,405.6680054,6.778360546576996,209.6913293574704,287.9607992737129,-195.97667604252965,-195.97667604252962,3
0.0013235591133865,0.914340828807574,128,0.0052223523162941,0.334194332323257,413.20990395,8.870347184676163,129.91388601773687,206.0122542565005,-283.2960179322631,-283.2960179322631,3
0.0002309115447351,0.8874411068313507,256,0.0067472922154745,0.4894802765961337,439.6436865500001,10.660042578010149,118.60500254118816,208.3717896123958,-321.038684008812,-321.03868400881197,3
0.0045888312906446,0.8930911023050213,256,0.0099848469594748,0.9038582522664186,419.0706665,14.263267623026872,190.5914306883351,274.6511468447705,-228.4792358116649,-228.47923581166492,3
0.00053285230609,0.9918741845791472,64,0.0052134711205079,0.8592197317983268,1195.8593492,35.5834872368089,125.35340190054848,54.29701876815346,-1070.5059472994517,-1070.5059472994515,3
0.0033377007127261,0.8015739519123073,128,0.0085662313034492,0.4065811421660248,407.2355383,4.889930394429944,237.94141297184103,328.5208678764378,-169.29412532815897,-169.29412532815894,3
0.0002008811376109,0.9617878399775373,64,0.0060926400551966,0.23380041284512,470.2652551499999,13.022854905854471,165.6100872825802,202.29439312035697,-304.6551678674197,-304.6551678674197,3
0.0039524625668741,0.9365901504055352,64,0.0076003235798344,0.1535234077924357,471.5912319,4.309661345192099,116.03633862711976,49.6572803995163,-355.55489327288024,-355.55489327288024,3
0.0011930596536259,0.8688301066422898,64,0.0059778963644609,0.2017624214241252,392.58119935,3.798699466310768,156.57425992991776,194.19240586948732,-236.00693942008223,-236.00693942008226,3
0.0040083218907447,0.8139959774540966,128,0.0057169640189928,0.9064492999089456,264.765907,4.233685473719795,243.1660623789765,323.0157444961608,-21.59984462102352,-21.59984462102352,3
0.0007357250845516,0.9445060790560712,64,0.0080431631127996,0.3259775667664544,506.1033065,8.467889567439569,148.70851591250394,205.5018376600753,-357.394790587496,-357.394790587496,3
0.0041341708306408,0.822685355058009,64,0.0073338972457905,0.2026229828619336,424.36531065,13.761645500692511,175.46362915718927,277.7651076760261,-248.9016814928107,-248.90168149281075,3
0.0026611876330799,0.8219242668153667,128,0.0052313101406701,0.5329555347216317,434.3455756,7.624759367582658,232.66743428696643,325.6175637012047,-201.6781413130335,-201.6781413130336,3
0.0039702121646765,0.8957929445820129,128,0.0081592312392291,0.9618033552724398,395.37731115,8.119867392212331,188.7195044856402,276.05806460624353,-206.6578066643598,-206.65780666435984,3
0.0034447599986128,0.8661069866559217,64,0.0050244765374566,0.20886913335807,401.8077543,5.87348956426992,78.60554505430191,70.32679145328007,-323.2022092456981,-323.2022092456981,3
0.0001956071004646,0.8014259461544201,128,0.0064545051305817,0.3553483914380414,451.87108015,15.210059629647574,123.36684476851951,211.71341923590435,-328.5042353814805,-328.5042353814805,3
0.0004622794097449,0.9800546048882732,128,0.0075939235050492,0.7438196320864822,1084.5033882,5.973711185362259,204.57295743497087,272.7594907705142,-879.9304307650291,-879.9304307650291,3
0.0003571727285674,0.9236738870304618,256,0.0089524213517797,0.2144690325134694,436.29922099999993,7.997806676809881,119.92205755626784,66.65330108321089,-316.3771634437321,-316.3771634437321,3
0.0026561982874299,0.9255722647459113,64,0.0097892261893191,0.2848690073454514,418.29049035,8.161753450459717,130.99406261789264,200.73343263776096,-287.2964277321073,-287.2964277321074,3
0.0048794637424987,0.9523626334821323,64,0.0092487806921406,0.1506013430519353,474.9913927,7.395229628656201,152.27452587783336,199.7337343319051,-322.7168668221666,-322.71686682216665,3
0.0002564470710481,0.9367603383172888,128,0.007620428911234,0.8746272638349037,413.7612301,10.42418138854282,229.38068671794608,295.8951554604929,-184.380543382054,-184.3805433820539,3
0.0053730620472698,0.9073303832659544,64,0.0097794247494491,0.2671228802423619,416.6650589999999,9.880770182738694,101.69007875248788,64.76068554490452,-314.974980247512,-314.97498024751206,3
0.000366413883664,0.9931603905171172,64,0.0079140810804151,0.6932001366721192,1032.44481985,1.7913503166270688,147.60281680074985,209.576081529694,-884.84200304925,-884.84200304925,3
0.0002571361695651,0.9140296075980616,256,0.0078164233104595,0.8019993877944979,442.35696925,12.79056528305781,138.43265513042132,225.49279600743205,-303.9243141195787,-303.9243141195787,3
0.0023766581813894,0.8360424236495819,256,0.0056880725862639,0.7431259460855208,389.7743968000001,5.668221253994619,318.9668156897416,401.2774077799795,-70.80758111025847,-70.80758111025847,3
0.0099476557125689,0.8940011953097131,128,0.0070885145531658,0.7975620474707372,403.8450626,18.190565263166157,190.83479858336503,275.7889461909463,-213.01026401663492,-213.01026401663498,3
0.0047723874292285,0.9847351418114052,128,0.0092014944973844,0.5549718372103497,750.29137565,13.566022992668753,21.81025648653158,24.90904562892791,-728.4811191634684,-728.4811191634684,3
0.0007243216147285,0.9596543779983994,256,0.0061014278543928,0.8602224597779565,456.15472055,5.940933743947446,87.10786793506705,47.65890469802012,-369.04685261493296,-369.04685261493296,3
0.0007325473072429,0.84385670433906,256,0.0083544864671441,0.614579157565493,404.7326071,6.955141217042786,238.5308321706485,324.2982328151445,-166.2017749293515,-166.2017749293515,3
0.0053572713516133,0.9190179119718592,256,0.0072670483461991,0.7453697063236941,432.460495,15.408394104675091,148.45498927277512,205.2098756046032,-284.0055057272249,-284.0055057272249,3
0.0010482689596034,0.9809500245199622,128,0.0069866353264201,0.8724337822208756,789.80245655,13.99720091100895,167.72420978951268,201.29157618298865,-622.0782467604873,-622.0782467604873,3
