learning_rate,gamma,batch_size,tau,ent_coef,train_reward,train_reward_std,test_reward,test_reward_std,generalization_gap
0.0001685889762519647,0.8166742739962575,64,0.008429140041244794,0.9469872759883443,292.3670573,3.6840232063631366,216.01302450154907,337.4626501593719,-76.35403279845093
0.00713501755236671,0.9479780504179742,128,0.007829637185679753,0.8261129345193011,452.7551869,62.515903491513484,228.069530765526,289.4916595941588,-224.68565613447402
0.000766704472307471,0.8711440363322418,256,0.007642418463303177,0.4685719454639862,425.8004470500001,8.19003801250232,228.8327381066978,330.05760808649404,-196.9677089433023
0.0002126511654540507,0.8176180116310494,256,0.008063186712773868,0.7909697602124691,301.83857295,5.841322726340148,126.83382072013337,211.25135855524758,-175.00475222986665
0.0032174765870853035,0.9740620739708504,64,0.006937679462238989,0.5833541240766559,414.59265315000005,3.9274394322564863,102.82822229998419,61.859592899283435,-311.76443085001586
0.0013288428569907793,0.9340846673250375,128,0.009211541906061752,0.5102284258709433,474.47546194999995,6.403596934350292,176.4775389048271,281.8220387923537,-297.99792304517285
0.00016989132864169635,0.8763138435457174,128,0.005585818613843407,0.9014379492278121,389.744945,8.717759124242297,94.739780208515,115.3665931363275,-295.00516479148496
0.00031457065919461363,0.8957100744455169,64,0.005214574586871036,0.5669851042925269,448.0016881,12.591471526528018,210.40166352898814,264.0198069659214,-237.6000245710119
0.00045093754212452745,0.8178454033347791,64,0.009348205750474785,0.5321196167002669,396.14654974999996,9.83593535648117,177.50935310972855,282.1746570235909,-218.6371966402714
0.005715316054378723,0.843756615604193,128,0.009411761975654659,0.5558392838277301,422.9547825000001,8.943822883560367,194.67207121144457,285.14616851034583,-228.2827112885555
0.00032965548485737174,0.9955951122522262,64,0.009738675075109348,0.4994348827206929,1021.3257282000001,0.5537034421661744,186.8340851707966,138.63966839848737,-834.4916430292035
0.0014890231712133474,0.9616465954619583,128,0.009883582728711947,0.5006040927870109,596.88441665,15.106779252700532,166.56016213637776,217.34483597067504,-430.3242545136223
0.0037375091219456476,0.8560570529812818,128,0.008197141138428846,0.6773089464815608,354.40789155000004,8.606238524377584,182.55423730906915,277.47897428831675,-171.8536542409309
0.0012555074019750022,0.9727201313549512,128,0.005917294414378274,0.2562347987481061,528.39186895,6.8294063528059015,106.7332991964533,58.41557824206069,-421.6585697535467
0.0014791900259905828,0.9119037037928823,64,0.009638138345757004,0.9332693311479814,404.0277041,8.444224419179768,218.25913984285435,299.5740877271821,-185.76856425714564
0.008740103321518635,0.8962776538513534,128,0.008068221531106678,0.15926567921559914,460.5315766,19.554085697122108,156.11085699070244,287.5527045264016,-304.4207196092975
0.0005379968245611046,0.8377063285986714,64,0.007107989208652578,0.5013294194175135,431.76432435,9.778833927768366,268.7313699068967,330.5473096347117,-163.03295444310328
0.0001182994218501407,0.9260552617543161,256,0.007572091609698057,0.4801210846359475,463.9710967000001,13.584452078339748,147.9113134932346,203.58844835723272,-316.0597832067655
0.00010895611993606698,0.8461876411682945,128,0.005690948957135853,0.3825798030514087,454.69654615,12.139292993511145,140.66599692946767,223.82568719162904,-314.03054922053235
0.008982199379713278,0.9301873745966482,64,0.00975495935717283,0.7070987917742128,465.06883115,28.824947827638194,260.46038590925747,349.15058069356286,-204.60844524074253
0.007721886989889623,0.8651910686270193,128,0.009223789920815757,0.9298374259914967,290.4535952,7.689650964489297,348.4430144261802,416.8338173300097,57.98941922618019
0.0006054722714388385,0.9717934805757119,256,0.008826079322708638,0.33495876741550734,576.5536301499999,29.612462514699462,100.72068358366305,70.58381574570798,-475.83294656633683
0.00011378744007991173,0.8066579337996582,64,0.008754469361675014,0.9626576066746781,275.8386481,3.228514772764835,188.42426133386326,284.013692582737,-87.41438676613674
0.00023684146372241139,0.9347939849124071,128,0.005481157721847557,0.4435996323430458,443.95619865,11.888487879615658,121.6161524323281,208.27979210986035,-322.3400462176719
0.00016148570557263938,0.8060761506388313,256,0.005479366833386935,0.5307140290843051,410.01332759999997,9.97586594922586,190.44118696972728,276.0042072748386,-219.57214063027268
0.000520656188339886,0.8340077903120158,64,0.006184677715043813,0.16508409982330297,420.22326795,13.59978208478922,143.0333185693249,202.1833985917542,-277.1899493806751
0.0040623839849053805,0.9140381561979491,64,0.005031651545849237,0.6392458125064984,432.9447950500001,18.93876135571312,77.28911367007531,61.28215554937724,-355.6556813799248
0.003114851157604676,0.9509690245824163,256,0.005843406172061697,0.7302789760369098,388.15299465,2.9625615265381824,169.133137900196,198.56840868195596,-219.01985674980398
0.004389113383744806,0.8657411247185014,128,0.007992355847340132,0.9748727799177577,325.1371578,9.70647556637491,137.78778079499025,206.68082555578457,-187.34937700500976
0.006421148709447708,0.8250713591349249,64,0.008224868703284401,0.3335613169184543,412.44839,15.408266560932793,91.24922858664786,213.35693481538206,-321.19916141335216
0.0007551316474635525,0.9052058874817207,256,0.006213776109987959,0.8164004698373463,422.26652649999994,15.221640184169143,244.4447406168678,322.6614489619055,-177.82178588313215
0.0008432253522229226,0.9321838314103282,256,0.005536972180295061,0.1192913803292332,486.82903860000005,11.653303760318659,109.7830379011255,61.42867219981717,-377.04600069887454
0.0003716191700973232,0.9691016100786549,256,0.006519170985340106,0.44059664968665124,478.3327585500001,10.304197903368602,131.9642309833318,206.42537666452193,-346.3685275666683
0.0011743710489485362,0.987087449572884,256,0.005998939292694478,0.9399643820988525,1785.0427713500005,245.1687613419189,168.2768676578533,198.16707014040213,-1616.7659036921473
0.00010307054612219089,0.9350042804225729,64,0.009022790480627332,0.5144022840479937,401.49816979999997,5.109242749511811,188.7490357476694,284.59957375853793,-212.74913405233056
0.0031492568286872803,0.8359596510269603,128,0.009559548370379636,0.29032394126566685,399.0848176,7.326620475612314,93.33725392199122,58.36991633181811,-305.74756367800876
0.0033038102813180864,0.9110292243785637,128,0.005146773819221441,0.8040229621336927,434.32624890000005,22.39666855564959,348.29056435849054,397.64550547726896,-86.03568454150951
0.0007122949557478661,0.8210840195024709,128,0.00830704665783253,0.6858865624299004,414.8472421,11.829410924534002,286.65368161518126,359.287516864706,-128.19356048481876
0.00022315979261283508,0.898676288508768,128,0.0065752568667907406,0.25501662646860607,482.32643555000004,21.802661164658918,138.06375556221465,199.50387041418747,-344.2626799877854
0.0014339684768951157,0.883160096700037,256,0.007678148234349877,0.2838590202012585,417.1298291,4.4517594670845835,152.03997115571983,204.27397212999642,-265.0898579442802
0.004796787465015539,0.9952166260435522,64,0.0075992339867457315,0.787788404531248,1361.5037759000002,2.301380427193645,125.10782733957167,208.5453102189395,-1236.3959485604285
0.0007607972215646136,0.982068614153485,256,0.007149460099384968,0.22614551282507417,494.01685474999994,9.035671027725598,87.5578290360514,63.892269879805454,-406.45902571394856
0.0009394892494839094,0.8490196211120565,64,0.008991957152766301,0.9998902012321417,290.77041340000005,5.094818871753326,236.64514064711983,323.96374975479387,-54.12527275288022
0.004978076976009583,0.9498322436762308,128,0.005441637153864118,0.49384354485608295,470.34310244999995,8.813696269337079,211.61242800429463,266.06584957157696,-258.7306744457053
0.00010780857761887657,0.964352842790899,128,0.005228460531038858,0.7864162011673227,441.44700205,15.796936413836391,68.02077865987084,74.30270346876874,-373.42622339012917
0.002758620201220789,0.9277957279268597,64,0.0065769657977678975,0.6213002724060598,438.8327776499999,22.789845156850678,115.91043451980222,210.5721298793639,-322.9223431301977
0.002528710285649268,0.9965396795062038,256,0.008603002531750894,0.31746172605231965,1311.64639435,271.15470857784396,117.62865527395624,203.95355645759082,-1194.0177390760439
0.0025517843116263403,0.9421039029569486,128,0.006006680248201185,0.9495916512802182,430.9474338,10.626064768256043,312.2484250659298,394.99321755591706,-118.69900873407022
0.00010280523210571025,0.8160280865987827,128,0.006733383949837585,0.38942639185937833,436.7431434,8.884812241070781,193.03436018771026,271.06435611833564,-243.70878321228975
0.005786473119661292,0.9379399349634232,128,0.009181785307952826,0.5486196535329696,457.98082890000006,17.367787446350913,129.13654225962236,207.1519934749015,-328.84428664037773
0.0027154734533230713,0.9833847868782026,256,0.006799240958859182,0.5249010319205296,842.9730835,6.824487123750173,113.03230267999461,65.32890981422608,-729.9407808200054
0.0023374804223477087,0.8774655062073956,64,0.008342681280956681,0.6118239611389074,416.6725904,10.933916468600113,157.94900382162595,206.1902504233843,-258.723586578374
0.0022246040986564973,0.9611139299813385,256,0.007148022666589177,0.7906170376575206,484.19607694999996,5.225213296001303,128.6572232134262,204.9354817834338,-355.53885373657374
0.00010902204313370697,0.8717906413397587,256,0.008151696348069039,0.21571586848382046,451.2297761000001,76.0360299709153,75.17509486475028,50.10061707509717,-376.0546812352498
0.0007610735568618569,0.828311554252074,256,0.009817509946594248,0.7774399370147014,338.5400978,6.154900374843094,211.16697364968712,338.5664281860339,-127.37312415031289
0.0019087148014583764,0.8184468348574258,256,0.006958098245002492,0.31099555046077043,423.9296397,8.932800443134898,216.7137727924506,341.4979915552793,-207.21586690754938
0.001953545028165519,0.9667146444866004,256,0.006888229787599123,0.6381355139272227,680.05475015,9.643592620857843,100.88020305815152,72.52294659855436,-579.1745470918485
0.0034021478619500043,0.8653618941378498,64,0.005639365698367104,0.3564643658267147,466.52481249999994,26.550312597731335,104.32050886715297,71.79875587373337,-362.204303632847
0.0002001763961248441,0.9834547085961426,128,0.009995852037180817,0.5538139031760272,486.2284317,3.2782965366466215,129.08371069310232,76.68177386600523,-357.14472100689767
0.00014012806186567211,0.8515473223571645,64,0.008659773585959879,0.6574492756597821,419.47340095,11.163615238263072,190.02185532711445,285.64754434996917,-229.45154562288553
0.00012732246951094336,0.9383942143970297,128,0.005907608004446841,0.5081016361400242,448.83708399999995,9.504881912445084,141.76240816880016,224.43257504421473,-307.0746758311998
0.003376463559975652,0.8480411504717108,64,0.0052513538978261835,0.31457382836762804,448.19992815000006,59.138924367414496,264.99341016835535,369.0430031318566,-183.2065179816447
0.00010849589536698456,0.9224030282998574,64,0.008808990832047954,0.6378144560067854,428.43141054999995,13.927349738383505,173.03980225381093,199.49934979803464,-255.39160829618902
0.0003235215456152471,0.9922930303403042,64,0.006086226909528115,0.7784089427930446,1158.4538321,221.21679164620733,99.25489616543055,60.86935388926927,-1059.1989359345694
0.00032700772569397554,0.9004871843940172,64,0.006033756153730798,0.5018625042771628,435.42866564999997,9.609566470997361,305.6610797653906,359.9288844564708,-129.7675858846094
0.004425788506841659,0.9704416092500495,64,0.008020903624863327,0.28743458745164563,743.1053954500001,9.91555804398186,120.98240921087563,52.20161631072617,-622.1229862391244
0.00017015709886669753,0.8456058768640293,256,0.008955117363224234,0.45772514309183565,481.61161585,18.99176668899074,223.25877851154655,330.3820041512386,-258.35283733845347
0.00011985880482154281,0.9007975772661001,256,0.006638592802112615,0.3873176378981986,452.30581345,16.01274188599214,127.63469431435661,259.4011305222886,-324.6711191356434
0.009586544462487386,0.9841486853312744,64,0.007241637188617086,0.18082559795164282,1033.9492156000001,219.27607984502833,36.93243136278761,44.094160169480915,-997.0167842372125
0.00017804526841056894,0.856968513644905,128,0.00542358141137067,0.30372090137493507,449.57401275,12.685499093247548,238.2138857597194,348.7550189829772,-211.3601269902806
0.007837851853712002,0.8664903207841185,256,0.006834607028030832,0.9326740193501716,393.20606054999996,4.452185335099604,183.15594032725784,281.02301080656673,-210.05012022274212
0.0006848171046162506,0.9687604625693715,256,0.005349395018696233,0.12785951015561242,686.8871174000001,18.01610599555116,93.24936545471428,74.9142954372763,-593.6377519452858
0.0007513288407094757,0.9857199806813135,64,0.007767020466204382,0.3266595994581473,496.30383025000003,7.244294401172356,79.10400541978888,45.72729750052362,-417.1998248302111
0.00011950056635717869,0.9826857512711217,64,0.007917721850589851,0.21832383393250115,370.1658962,16.2315613323136,177.3606207697303,346.56292950934164,-192.80527543026972
0.0006174626218413252,0.809514645055472,256,0.007679413340547522,0.6963157796050969,310.27192645,8.404473190234855,271.3955297599896,369.3775086304691,-38.87639669001044
0.0007952347675957818,0.9677523919234132,64,0.009882476124489763,0.11622601759765643,533.4742699000001,5.279832922876809,117.71430623779925,94.28323795228447,-415.75996366220085
0.0002758426135399511,0.9866573995769924,256,0.0072520271337526135,0.880187535848225,1568.26646025,60.587437931011216,98.6596184797003,78.35659636287264,-1469.6068417702995
0.00013768150393538684,0.9416008208350106,64,0.008280380610225487,0.7599483757513666,465.60210340000003,21.83073045028529,237.84349760878177,336.01794640298044,-227.75860579121826
0.002822861348664247,0.9341575004470577,64,0.009797331224811079,0.9656796413514006,443.02172355000005,18.862584600070367,124.91429919125513,211.96233081180333,-318.10742435874494
0.0016101960466034897,0.9769226975578571,256,0.00890724771371388,0.8473136183773268,469.4126701,19.087965799388396,103.35379332019947,57.89223102062489,-366.0588767798005
0.002243263840059279,0.9533856054385392,128,0.006561186892304952,0.18917969229694617,620.9571440000001,6.18626650165392,94.40186292696744,62.00718424000327,-526.5552810730327
0.0012734425604213361,0.8600102438318102,64,0.006624252155044119,0.7155773933811883,421.4164344500001,5.728657741900979,289.56198922588953,370.62556235637885,-131.85444522411058
0.007865421078505293,0.9265426680891606,256,0.008630158677493492,0.23592192565603778,427.4951819,3.9267352994661864,206.80982412556187,271.87405146210034,-220.6853577744381
0.007754475068019414,0.9655321748056809,64,0.008242914386483578,0.15154725608974748,458.32351289999997,4.923314379302522,95.34472227849764,57.439267434274434,-362.9787906215023
0.004541701986735417,0.9644730455071236,256,0.009408152138853602,0.6531482149177987,420.58106325,3.8897288322990833,174.2944054015912,194.0991262974093,-246.2866578484088
0.0003781796245836266,0.8958032161139027,256,0.00804430550402736,0.3645548306930356,439.43944015,10.619668696070978,397.03960945159196,440.52445030837004,-42.39983069840804
0.0015592291134585475,0.9526472744209468,64,0.007521390133497891,0.6740761402282568,441.13640814999997,15.223736657089194,138.9977084696293,207.05382752439556,-302.1386996803707
0.006730436219664535,0.8932158224927932,64,0.006101735376382835,0.5541557440172157,356.40968780000003,4.820621676117455,207.68702223126311,339.4469791249272,-148.72266556873691
0.0002951411572524306,0.8303866494156632,64,0.006819697747541235,0.5831424800392591,415.83193255000003,8.666672297837078,261.50727199919055,373.36081015071983,-154.32466055080948
0.004998908099622683,0.9447356986593234,256,0.005462056503467816,0.7090789296255672,421.92140485,7.433713588224023,150.16479356690542,209.29038735700615,-271.75661128309457
0.005484655914852517,0.9069219292829866,64,0.005304972701738317,0.6171100417930512,440.54530910000005,11.073873414025268,199.61553743720287,285.4076959840262,-240.92977166279718
0.006203502876394528,0.8072319502751922,64,0.007249400931337208,0.6764558237655887,282.2776014,12.109484710248253,147.84929609769097,159.26883773445934,-134.428305302309
0.002375501320515476,0.8923823638808425,128,0.0056057217916353945,0.9732305327109972,394.42971539999996,6.921181744821538,382.2802488654852,424.8399519153707,-12.149466534514772
0.00012827335867622418,0.9966937479098377,256,0.005871833115827693,0.30114591461089024,643.36021095,173.18635359651697,84.96084476869437,46.58578638601938,-558.3993661813056
0.0018938864319467553,0.9602649250996719,64,0.00726487090030377,0.6472781460381049,400.51250295000006,3.146744528986374,72.61008203469683,62.08670129573611,-327.9024209153032
0.0014798042929422275,0.9067479406322527,256,0.005194029634813519,0.13056068204333318,507.5462547500001,8.998429728200025,137.08539488425012,211.68345471347135,-370.46085986574997
0.0008845989078498031,0.9622133078075674,256,0.008459524983546745,0.14753381445811592,805.8986642,20.10043477806561,120.67326473055873,210.70004427873528,-685.2253994694413
0.005963380065420784,0.8838434608698652,256,0.008828380623160648,0.12270756179204836,413.4152255500001,6.2448674023835755,99.78472281972645,68.21963834944056,-313.63050273027363
0.0025719190685996587,0.9704681245296102,64,0.009160713768547067,0.40835802530410403,520.2086376000001,7.172833701203154,95.81781466752291,49.9226246598782,-424.3908229324772
0.0021000740161340615,0.8642341547430018,256,0.00627869978195324,0.9980846738732653,279.69415035000003,6.009310225985962,247.3228919265792,284.99820942164445,-32.37125842342084
0.0044197121675404565,0.9469157356378741,256,0.006923990553801817,0.514864807799552,477.21810364999993,9.967894289318014,82.88250313070603,64.22150022768722,-394.3356005192939
0.00031319592705065103,0.8268560223898089,256,0.005013855437422767,0.24361067400732495,462.10076689999994,24.032444779698565,181.004630234692,284.10537437447095,-281.09613666530794
0.0007018025840290844,0.8170516753560371,64,0.005665680001719124,0.23654638710805587,396.7869281,4.1644575036576965,308.87077303396654,353.8337093612574,-87.91615506603347
0.00015061235861973024,0.8946749309582405,128,0.0086059712552519,0.5359821052117071,466.92421759999996,11.918881696024355,132.64279601220042,205.13706859594006,-334.2814215877995
0.003601192884306515,0.9392608049739184,64,0.00786842939278153,0.47655335927380693,403.42651895000006,6.3401753484009316,148.4082732278388,207.96374447984456,-255.01824572216125
0.0002104548077150289,0.962515487985952,256,0.006126184193635239,0.537329571924275,498.22101045,8.428966114780325,110.95061450793874,212.9698130771329,-387.27039594206127
0.0002155851138013735,0.976055768713743,64,0.00925719500218799,0.2632239618774316,450.67845504999997,6.079639706317675,74.40229783989489,59.12917635165588,-376.2761572101051
0.0001330938257111617,0.9231594701192156,64,0.007216775578839813,0.3868461722982667,446.36469585,13.942150527530988,193.58575347646837,287.79128173070137,-252.7789423735316
0.00021760494765150754,0.972667061341025,256,0.005780688639799304,0.8414395990919108,448.46690525,4.311693680160734,155.52923634722828,249.98647151957255,-292.93766890277175
0.002326095914662623,0.9774473695070431,256,0.009657169842946324,0.5165851721555303,666.7009760500001,15.27288962167782,78.95110387578897,59.91675354113201,-587.7498721742112
0.005454288475875404,0.882507347339631,64,0.006187133845039654,0.9912450095845512,315.88527884999996,7.5770682367888025,89.89528977929731,64.44875352193482,-225.98998907070265
0.00021978265984873985,0.8642763309617122,256,0.008883582751901785,0.5212757449970675,446.53378185,19.508389365789,241.8461883653421,324.724077467699,-204.68759348465792
0.0025889039980528513,0.9437246048349313,128,0.008597128656252347,0.8499841115319353,410.7873866,8.723638374964983,169.35849462585756,205.8081007802065,-241.42889197414243
0.0001562754885755566,0.8613604359263716,128,0.0073706339748387745,0.6327455884790211,421.3103668,9.615725388552601,97.23148500905373,89.58535814314227,-324.0788817909463
0.004375628693770594,0.9045712324647645,64,0.0055336465817352725,0.9432456151687583,305.93668880000007,9.380937599920811,186.6947443248704,292.7435670083253,-119.24194447512966
0.009864330501947089,0.806624509164827,128,0.009622698199120313,0.9776428881117051,257.72153420000006,4.004586176596369,186.67194197851933,275.6393547624071,-71.04959222148074
0.0002774641594496948,0.8491943444841212,256,0.006320035677324166,0.6362223447810992,425.27480265,13.199551566327045,238.47526813884033,332.20561795104476,-186.7995345111597
0.0005575688663774798,0.9340104999078299,64,0.006754282574295504,0.6299187318802227,403.20206105,8.2938685352687,82.1572266721574,61.183962257022976,-321.04483437784256
0.0002409446421028494,0.9236020314165866,128,0.005703277123354601,0.9916784749587972,422.46166295,11.208351161096,145.11381321776426,211.31157488400328,-277.3478497322358
0.002799498754734089,0.8985938970288769,256,0.008754028974386796,0.8850961355532247,383.36345444999995,10.991429414340292,155.85431454690405,272.136768792273,-227.5091399030959
0.00020762543954859174,0.9679522129549044,64,0.0072502937304716065,0.19446279738214783,565.86176785,59.865343579385915,45.86062473315978,60.01392167770014,-520.0011431168402
0.005907241759476018,0.9584502713090685,64,0.0067022690633381735,0.49984819194308105,424.45724935,15.627936956101921,164.93375640865415,258.85267646649737,-259.5234929413458
0.002713300634678305,0.9716153173769654,256,0.0063038977558756175,0.4201890626631426,834.1311358500001,9.957167699645284,209.61834532021604,339.9716254044205,-624.5127905297841
0.0002442137467277218,0.8640918724640257,128,0.006039135069796975,0.9026322125440102,409.74479024999994,4.868375147493008,203.34935806341235,338.68402253410096,-206.39543218658758
0.004349291870768798,0.8261866856793757,64,0.006247025965049001,0.2523184076004287,455.03332255,40.28920080513138,234.8372068048222,323.8097105562955,-220.1961157451778
0.008033479188744011,0.8358665652245892,64,0.006353504038470933,0.5440913870759274,284.6321281,10.408280149720202,108.47143187953625,112.4669912815075,-176.16069622046373
0.0003455581315509765,0.8734355274341097,256,0.005724894801861305,0.43841670267486244,429.6575306,14.837583798453402,172.15838470044545,210.25182292568238,-257.4991458995545
0.0006959941464721962,0.91976768857129,64,0.005128295766472086,0.5230112336155822,380.10753555,6.16164017387619,128.96583952438377,209.94345934709915,-251.14169602561626
0.00015642129390940187,0.9729960047861844,64,0.00904927954996069,0.4700569413159461,410.67245295000004,5.774975919253621,198.32559661265697,240.7273646967505,-212.34685633734307
0.0005230186129451708,0.9667272668324073,256,0.006594157522338705,0.3521479281926194,492.7575729500001,6.713895491694845,151.57847850387915,203.83097119500619,-341.179094446121
0.0001343757065968703,0.818670218155638,128,0.00546046529186711,0.4637032172407687,349.9015294,12.608914490763706,262.373483105388,372.381270365681,-87.52804629461201
0.00928709644046265,0.8712559205172499,128,0.006151571992078918,0.4434753164720512,434.11670480000004,6.930379379461073,108.38284979897435,51.551590512364115,-325.7338550010257
0.000414195621122262,0.8078173433559782,256,0.009463223989786634,0.9486265129427524,274.46561230000003,5.3413324665344994,325.46830963369285,426.5277103108911,51.00269733369282
0.006589687046219403,0.9256442809304464,256,0.008359386850818185,0.7040490060900559,444.6420104500001,16.91250895348878,153.81237799028457,201.7935375676498,-290.8296324597155
0.0002823366354114586,0.9227288145287466,64,0.007561888288956966,0.8085421808395477,425.93572299999994,10.421959787187616,217.82058678437025,308.0512413336267,-208.1151362156297
0.007202555089634863,0.9108033263709951,128,0.00824032111750204,0.16974582808251684,466.17383279999996,10.855248927262489,82.431195729319,69.85644899157842,-383.742637070681
0.005489722270790391,0.9515481110474447,256,0.005143002597403031,0.6778880684978682,407.18304070000005,8.6897818952351,108.12897218905854,212.33900433313502,-299.05406851094153
0.0012326153735879354,0.928111729425359,64,0.006129302432058267,0.990822698433906,423.41904294999995,7.496118636216744,271.0166861812584,368.7657537122476,-152.40235676874153
0.0028560321764118843,0.9112740554324001,64,0.0057856223672292425,0.21425820520090588,392.31910505,4.405365061623945,137.07501784274353,202.38564640099986,-255.24408720725648
0.008051868777999894,0.825599212433104,128,0.006609400810940474,0.5189010574820992,414.8243305,16.458728557418034,189.12704290119,278.4616033105901,-225.69728759880996
0.002351267610934826,0.9191738116013647,256,0.008450840095723673,0.5047719582933343,393.20001845,4.334643464785678,125.77818899474805,205.85500147809714,-267.42182945525195
0.00021542708807925127,0.9228607183191809,64,0.007121363533658677,0.4930359554659749,443.3323969000001,6.305038418628991,76.8917704272084,62.1806681144209,-366.4406264727917
0.0005132391315238785,0.863591661547415,128,0.007390225293578301,0.7958855841091231,304.1490553,6.9423315991283685,257.09978046674115,343.6724083939281,-47.049274833258835
0.008606962705648863,0.9224483052745635,128,0.006639055073526608,0.7186385686563883,418.36808685000005,14.065706212488504,328.83259948370977,389.33926817633187,-89.53548736629028
0.0001264884897536922,0.960427105238338,128,0.008530304240858735,0.3252395842650623,684.14850815,104.40625992889653,95.36235507305828,101.99315896093678,-588.7861530769417
0.0006360377377856735,0.9568259572839385,256,0.0083187426492127,0.2845051308314973,483.85860080000003,5.667991849066481,196.3299121699296,242.76561138699648,-287.5286886300704
0.0022083806033567346,0.9205183476617956,64,0.009127549368742022,0.4582257280393658,384.04992335000003,7.70003336424031,107.74154998788144,99.56346026354447,-276.3083733621186
0.005550462416757384,0.9479639055226347,256,0.008241158244620536,0.5931299721671786,451.52733105,5.13132594195014,110.89472068460309,57.37437962458775,-340.6326103653969
0.0003598973675529024,0.9054887932403206,256,0.005411114914683985,0.8942665947304491,434.06184199999996,11.243831434261462,148.51167402653954,226.860373194423,-285.5501679734604
0.001145665653794679,0.9741356028038597,256,0.005534268379832435,0.10503004294808688,606.3800898500001,299.47304105754756,108.21696552953217,121.1355830107087,-498.16312432046794
0.003912199292203965,0.8684378328456414,256,0.008925292454373835,0.8979958369070928,402.7189702499999,10.264084100787633,199.85862364505883,272.1558844097476,-202.8603466049411
0.0003712185645021405,0.8272485023337595,64,0.008172148813255568,0.6631830984715377,400.6187709,7.775356353576977,267.24763538795526,335.92123894833367,-133.37113551204476
0.002369927147592377,0.8959018864209775,128,0.009553478802949194,0.14058506050532416,471.5595078,8.806961423022772,115.25514637433226,210.62041461783306,-356.30436142566776
0.0019507987251943374,0.8069906554905978,128,0.009831611391771116,0.16638297123762247,439.7132176,12.773971008024072,237.6035562828416,382.00976228361907,-202.1096613171584
0.0005451844192157322,0.8937503073020188,128,0.00737604858877778,0.1443452632018016,495.43188565,22.65623409664738,111.44567487805617,162.89666519314008,-383.9862107719439
0.0002531314786050562,0.8027488009373561,128,0.009080213754960527,0.4212803335565217,447.5431039,14.678477679021617,201.8968044741079,268.91612029366024,-245.6462994258921
0.00019514224346333658,0.8261662813970507,256,0.007094198742168456,0.9605235587322223,368.0612129,5.029522579596574,272.60187853189416,368.1251778217482,-95.45933436810583
0.00030744626599487994,0.8381608161599625,256,0.00933056552949722,0.799811519834065,313.81272135,8.071083336607778,192.6474419117829,278.41719210301454,-121.16527943821711
0.00017165557640494707,0.8520911586923096,128,0.006088343393635355,0.7432374066792585,316.57659494999996,7.969960611843493,206.40936241205782,271.26920354635126,-110.16723253794214
0.0002608477826023808,0.9119643358437876,256,0.007030911886965084,0.546566250539759,435.7435952000001,9.696729210705456,192.5700285431929,273.480267162133,-243.17356665680717
0.00419945545909631,0.8362465038664517,128,0.009470496653521975,0.3444826410620159,427.1115554499999,55.59132700966267,202.43103486988693,273.8617236746401,-224.68052058011298
0.0005900590956848473,0.8199803248660745,256,0.009217676768121637,0.6529764321161078,430.52950739999994,12.658907032955588,214.87891141506844,286.23227675759864,-215.6505959849315
0.0010921370063803732,0.904794670577649,256,0.006313823973447698,0.29126663776136885,423.34252235,9.382112714754182,225.5539134089835,332.16401974571676,-197.78860894101652
0.000270018600089025,0.9442248812177305,128,0.007465596283100584,0.48388843764461353,404.4511477,5.470242780759145,186.1390697441995,274.38978865411787,-218.31207795580048
0.00042774259375402094,0.837340702385507,128,0.006486513727285305,0.4108790974796389,447.09773770000004,9.367858093005093,231.95317098587984,321.4839687904723,-215.1445667141202
0.0004052198650558156,0.9798400490140843,256,0.005629175727357292,0.3150685757522251,650.3259265500001,7.794006341395728,103.16610590118216,211.17106723256558,-547.1598206488179
0.00017628361384370433,0.8453432151756026,64,0.007600582787746317,0.6086303135773077,426.63771175,8.745977272563788,136.58665935758034,220.62551987440813,-290.05105239241965
0.0006637121857042864,0.80929893183665,128,0.007515850019382814,0.9858889042522665,275.19922875,4.376787077814182,255.64213548321567,374.9000475466022,-19.557093266784307
0.0012965190229871633,0.9137629752764272,64,0.007903722763042867,0.6750228446582324,423.7328702,8.416272024655338,129.9764401049819,205.3694462653052,-293.7564300950181
0.008280242529784071,0.8859740481667102,128,0.005669841447596733,0.8357461805532332,429.70846814999993,10.864624227903747,121.06005485879723,208.58509442730048,-308.6484132912027
0.004867580278467493,0.9086377595424789,256,0.005793194694325627,0.22625410095609896,432.906876,6.213615881340367,284.78184446366504,316.679751329112,-148.12503153633497
0.004723723336970805,0.9693755131737467,128,0.005550035316311157,0.6944413056817248,433.5365110999999,13.117530113723314,202.67747152183,253.2930244757315,-230.85903957816993
0.0015734952731137522,0.8743408654068744,128,0.006482054236329797,0.5678491590327398,430.02694119999995,9.801836478532586,187.2510312011349,281.9563290389314,-242.77590999886505
0.00033064514260979975,0.9906939524128963,64,0.005995564310432126,0.8726677510353896,473.2510346000001,30.95535648202652,104.9148927315604,83.77362044596602,-368.33614186843965
0.00013146486161288488,0.9327290864599393,128,0.0060384544834833145,0.5105376375316367,455.07233544999997,14.818987000212662,129.41124174816068,222.37805038445038,-325.66109370183926
0.00042257513168218454,0.8045654797817221,128,0.005122412511320288,0.3994523870228841,435.00263479999995,14.253695345270732,363.9462342978339,422.92505542958264,-71.05640050216607
0.0005514826672604891,0.8470013222005076,256,0.008207301658640098,0.3045869907146057,419.28763695,10.478224848173173,181.40167105142027,278.0868281994827,-237.8859658985797
0.007565330192299922,0.9531737750780942,256,0.008080437812761698,0.14396584276261437,461.56633810000005,3.205521628867517,76.88632179978303,57.425493438337625,-384.680016300217
0.00015029452608828842,0.8150159614869764,256,0.009632676010194156,0.5073609194449982,410.88873155,10.649446792859246,197.1117594415322,274.5617013143292,-213.7769721084678
0.0001300560064835304,0.9265020662716963,256,0.006526817159719002,0.8480851571035016,402.91985735000003,5.966321746804068,284.9768046583107,362.0142436811283,-117.94305269168933
0.0017347867956809377,0.9003036365564508,128,0.006140994539873436,0.9168216884838354,392.55392950000004,15.420336980833861,271.8670984113589,369.46874385000297,-120.68683108864116
0.0003376862033434099,0.8892684878304856,128,0.008984890740047336,0.7997976289569652,375.54099295000003,9.309488529879589,258.96473934203385,373.3361736125851,-116.57625360796618
0.0019814170597956186,0.8908887214055999,256,0.007652900754325076,0.22734839481086655,451.05890984999996,4.628915987601751,232.65648049135925,333.6870433506749,-218.40242935864072
0.0008075723494778706,0.8072028063369167,64,0.009509653926093788,0.401890947325946,408.38018150000005,15.598151525034565,272.9338354852167,372.836474750703,-135.44634601478333
0.0025083347948604844,0.8161342444549501,64,0.005042665351268395,0.6138770630930801,286.0186209,8.994831262084151,156.87451887441276,286.88040255955843,-129.14410202558722
0.0013546941275263192,0.8215290985491238,256,0.009173133558650032,0.19734901107825478,426.5678731,9.537604306093263,232.8870209198445,327.06599609935637,-193.68085218015548
0.001030516434480212,0.8855672749170431,256,0.0061040740373941235,0.12373411060466974,443.77586975,5.568034978869839,131.7167399339378,205.5480476387561,-312.05912981606224
0.00679181282196186,0.9415960209660905,256,0.00915902359214867,0.80354580201269,436.7046378,16.955996410614926,201.11325720623137,271.95541200863715,-235.59138059376863
0.004087182240860155,0.9984677561542596,64,0.005103242610843516,0.2011669857483085,1434.78176625,38.58996246440228,143.59856375390663,170.39096470634112,-1291.1832024960934
0.004227059732733208,0.9133667033748237,64,0.005926951440317044,0.49446734177789176,453.98040720000006,17.630439762041412,101.92554755625315,69.60549199352724,-352.0548596437469
0.00044600389454927075,0.9275799415426155,64,0.005540013894097214,0.3391443182416429,472.9094982,11.697222732452762,234.54589560711756,324.0753175631117,-238.36360259288242
0.0014062302833155727,0.9297583547239349,128,0.005099737472987144,0.7072084420227698,405.09532414999995,7.5836478603625945,234.28576453365386,322.7254048724203,-170.8095596163461
0.000286623914109193,0.9255419632388157,256,0.008766954565098526,0.4487856029755697,439.06146254999993,9.086933948729659,167.18328603612025,282.7812362801918,-271.8781765138797
0.0017410319301307063,0.853489897543409,128,0.009935239269769986,0.3937212735685576,423.53825565,11.506812553183043,95.6408121926739,214.9693542788158,-327.89744345732606
0.0015078762167990277,0.8570176427483956,256,0.007351795356418542,0.2428507948105348,436.40004815000003,7.7754710364856665,188.65688387660776,280.23624924488445,-247.74316427339227
0.0011761270919878799,0.9584355766798511,64,0.006210976075586715,0.18536010270484798,479.7578605,3.812391002359945,137.73738815602263,204.18352281793105,-342.02047234397736
0.0005186102272605998,0.8314070912502998,64,0.0074885341606147175,0.5066681862189678,449.3035726500001,10.159128037795348,200.9928207616089,271.41480930182485,-248.3107518883912
0.00022587202617974588,0.9492420928736506,128,0.008772237468920457,0.7567697278195156,480.84103515000004,13.358562742909296,192.97354429457337,292.343174578834,-287.8674908554267
0.0004343875024949046,0.8767970179035072,64,0.008098355870508136,0.9615861542695303,400.39691995000004,7.495177379176177,338.52679656976835,411.9505126466319,-61.87012338023169
0.00011812273717941634,0.9611248920566676,256,0.009321585164852587,0.8189732749543914,418.8797145500001,10.837490060436647,192.73341936513316,277.22515163273437,-226.14629518486691
0.003928997957905012,0.9206312095559542,64,0.005837222068348802,0.13392226953388114,497.39022735,11.740057204932185,67.87692289962433,56.33615666141704,-429.51330445037564
0.002600362955847189,0.8294790627377122,256,0.008376479435107269,0.603057769091688,415.4838423499999,10.376800177287283,122.76781962646638,252.88741888403788,-292.71602272353357
0.0010341488644710786,0.969990938311438,256,0.008006781046258755,0.9166948471468741,375.79598169999997,4.389423290924445,168.4012275752728,283.0299773115836,-207.39475412472717
0.0003676005859716524,0.857688209908113,256,0.007819744657887456,0.2947949625677136,460.3892054499999,16.39838464425471,234.49377422024264,337.7731508282363,-225.89543122975726
0.0004520969915754654,0.8804437189734732,128,0.009775952380713219,0.13108102707858116,425.68753104999996,12.33314419881669,102.94573244100903,62.672051391479556,-322.74179860899096
0.0002792303814400604,0.8831046721413462,64,0.005848654162586206,0.7147642015016811,427.67560490000005,10.452651185082152,138.47442884403281,106.04290237058572,-289.20117605596727
0.004647260321372546,0.847832124164988,64,0.006968472440325654,0.8511267176834962,287.0208123,9.147221233863949,164.46389811583794,285.31514253288975,-122.55691418416205
0.0006264831141917213,0.9239179571354412,256,0.005385042099705487,0.430053350709663,450.34727555,15.20620212283616,187.26344507150935,279.47201273708316,-263.08383047849065
0.0029534671897863446,0.898544062381807,128,0.00868980757603885,0.9422631127291641,397.9143025,6.914522658439845,329.2070714489382,365.0272454955538,-68.7072310510618
0.0027679493599738775,0.89944805006369,64,0.007078567522786725,0.2146239520861003,475.5653682000001,13.09147063971075,141.28524198654486,200.9050589657838,-334.2801262134552
0.0018815379163607568,0.9385371039828417,64,0.005758375370829574,0.5797226370990659,398.18192055,6.811267039627764,118.58679912093211,92.13469175689188,-279.59512142906783
0.000440356764926575,0.9697600908585099,256,0.009930221022374628,0.12631202402428038,619.1763886000001,9.193407239145158,114.12574165740516,213.43192270547536,-505.05064694259494
0.00033151002676189774,0.8787688625963354,64,0.006113118542990523,0.9820642825732241,338.02028735,5.718169462658915,205.91177064562217,338.50769464250953,-132.10851670437782
0.00012990429807760147,0.8149332824570694,128,0.009523582638062196,0.8656805514041214,310.97810475,6.535729502836034,218.7944491300441,334.82112830360035,-92.18365561995591
0.0010046660452932635,0.9016127486355616,256,0.009980117282221729,0.12313559472548714,410.02384059999997,5.975038239384392,75.6612209834042,99.28238981825044,-334.3626196165958
0.0004760124929271966,0.9905911246679112,64,0.005117645980326045,0.2665604228570999,2154.9496926,369.3376051086619,99.2056108379038,210.12869352500863,-2055.7440817620964
0.0001329546384743891,0.9484737405684983,64,0.005340192716958098,0.9568241014534521,472.60262205,14.88285563000742,184.86563289029291,274.2869221710275,-287.73698915970704
0.0009196308101046593,0.861317766573693,256,0.005917705870239957,0.2864935971029766,406.74514555,6.1947641349599305,278.53292346103115,361.6742887496899,-128.21222208896887
0.004410954033836497,0.9714796411155597,256,0.005718153437980341,0.7658398280720367,388.1198172,2.5916113197916224,137.78335093050265,74.27960952116786,-250.33646626949735
0.00023762088963233348,0.9551742023631667,128,0.00518227850715943,0.9057723347458893,419.20851365,12.650176940576667,142.63052551199218,204.50287374907663,-276.5779881380078
0.0005518860960394144,0.8872775786965765,128,0.006472436999825293,0.9490320784774384,303.1505128,12.950684320441601,143.16365095642686,233.1519441305429,-159.98686184357314
0.00021089531704544142,0.937841712806271,256,0.009695740011053021,0.8159154255179393,426.9342721,9.41093090579161,185.3697653302923,276.35331346820595,-241.5645067697077
0.0010044241651477111,0.8809046922306007,256,0.007507777492976712,0.44217854665578316,429.77433525,11.703644727636986,205.7898081662599,279.47841620365983,-223.9845270837401
0.0005235535588455534,0.8099392205843446,128,0.009131006843276331,0.5131761382495389,366.6218987,16.060629717707865,123.57874092660495,209.91436366227438,-243.04315777339502
0.0013793641379079432,0.9206717080794156,256,0.009503872603831395,0.13974730977034727,493.46156090000005,5.223470869889789,94.78904240408447,57.25777712699788,-398.6725184959156
0.00024091469453602017,0.8684174912283784,128,0.005224019446810429,0.6375779374524683,440.20169615,15.358545923339056,198.17924326704815,330.81894599236,-242.02245288295182
0.0025469749934833087,0.9110363670795528,256,0.00813800608315911,0.13164365908130282,449.21842829999997,3.3776902886858733,56.71390592509415,55.16399645706153,-392.50452237490583
0.0006769458799028051,0.949615811174707,128,0.009915016878248549,0.1839871744742385,635.0811657500001,15.077697047688304,136.08764144027373,206.734429595028,-498.99352430972635
0.0009130078490988035,0.8851371426557973,256,0.006681157886300776,0.3877180090489236,440.22043655000004,11.282703739070575,72.90069283670746,66.83080911424258,-367.3197437132926
0.00032015370987057833,0.8782317300611464,256,0.008436981713524477,0.2918800869013142,469.83380339999997,19.026426318745724,157.31283176571597,285.9913203781644,-312.520971634284
0.0014476129850353606,0.8635825863376323,64,0.0068699797001659695,0.6968332610006341,414.34598294999995,14.892335231143557,328.4823675011983,400.9744198625395,-85.86361544880162
0.009587400584678725,0.9491826607702645,256,0.00714677858344324,0.39836396384511974,418.5944039,4.897727405793808,208.1124799920013,288.8920266093025,-210.48192390799866
0.001691776554458512,0.8007132449480161,256,0.006304043069851647,0.495433634798897,416.39462805000005,16.8557337796372,162.60935835996642,209.18228322487272,-253.78526969003363
0.0012083198958289874,0.949950171256287,256,0.007585677869496271,0.3728284835726283,578.1912352999999,10.335346963062989,79.59119412479922,52.07670765770062,-498.60004117520066
0.0006295172679150585,0.860869771478011,128,0.0075978963949441015,0.4224289682984944,408.20190055,10.916854905151316,245.22007464433554,321.04017970138005,-162.98182590566446
0.0006847849950099754,0.9086486319314133,128,0.006237757651378242,0.41437114588092505,395.91991010000004,5.460498561674844,150.81835068603976,204.00449097087673,-245.10155941396027
0.0009433001837274912,0.9593023456080727,128,0.005252903125209834,0.5184488245425921,472.38216795,4.626440540973255,142.85941141112707,206.6486700444482,-329.52275653887295
0.0004368713920966202,0.982211312623081,64,0.005569794001275625,0.9654436399206228,819.3570356,13.8522282140176,104.98252667617052,47.283818611371125,-714.3745089238295
0.0036584389243371376,0.8101576460468374,128,0.006023318364511553,0.13161283029341858,444.32033070000006,11.264335344476208,169.9410314216977,282.2767540622573,-274.37929927830237
0.009938840243576576,0.8771916016563872,128,0.009964670274136628,0.10796982280799379,198.10687520000002,119.3202779074196,111.38700258117169,49.778199152165676,-86.71987261882833
0.0019153497826776436,0.9605474739998964,256,0.008912524356697715,0.5996909032225468,526.0174153500001,4.766649542800603,105.61923287111567,69.99200823737006,-420.3981824788844
0.004330067918613582,0.9884487308580264,128,0.009833550335354917,0.6999367110766638,795.99780005,372.8951377942158,94.03836997273757,93.90107970893605,-701.9594300772625
0.0024626156939833643,0.8474571088705248,256,0.007415379176583822,0.6994103262341967,401.45966699999997,6.622169456805411,173.15641695186497,284.55490195693625,-228.303250048135
0.002139909002462459,0.9438495995154679,256,0.009900569237571887,0.39678202631443593,588.9539293999999,9.016265384175268,235.4141673029866,326.208230381038,-353.5397620970133
0.005791469932039245,0.8030372521102923,128,0.0060562776205668675,0.47012935871013306,413.2799252,9.315474787095184,206.6931185149355,336.8699056279478,-206.5868066850645
0.0018730659106175605,0.9521569764657528,128,0.007057961839365983,0.9590258174749658,373.76602045,3.1181000544262045,187.30498421266674,278.73311115603804,-186.46103623733325
0.0034347329950341877,0.954177082302808,256,0.005340929563083805,0.9984038248375888,406.01461589999997,6.007136752928413,165.53804305593366,278.2794769411933,-240.4765728440663
0.00016956999411005743,0.9939379322873754,128,0.006468281473985383,0.9563034392182824,810.56578915,415.65106314685573,129.20067397084784,209.42573020039603,-681.3651151791521
0.00010603840944535096,0.9888980169383083,64,0.008133934743248628,0.8474980098112357,1140.20590235,18.600056684414394,122.31122845088248,63.94012289060777,-1017.8946738991176
0.0013133511515926789,0.9461223571798341,64,0.00833860345300755,0.9660940060980457,423.20787005,10.287706864049142,325.6991217718925,396.6961208525534,-97.50874827810748
0.008372757254621508,0.9748344462993169,128,0.005552232470927544,0.8253797985176599,343.5387699,46.57172392276965,131.76944286599755,130.38309288477825,-211.76932703400243
0.000571264458920131,0.907017293857466,64,0.005912966828259257,0.7924854612538881,430.72164605,6.865782958203878,232.98205657566433,322.4359657541809,-197.73958947433567
0.003439315237824584,0.891734843768981,256,0.00854412832742387,0.9073641116703477,346.70168985,9.793422397354115,118.5028895885549,121.15166807776542,-228.1988002614451
0.0003104971010202445,0.923294496493655,64,0.006701347755860615,0.2513880691638869,423.50346915,119.22351973549281,149.50169172966852,195.20909001126952,-274.00177742033145
0.008071350778694959,0.8117641567670852,256,0.006191613772342206,0.3513932837813387,454.44953745000004,64.10446957178658,59.87869838693878,50.017906212583,-394.57083906306127
0.0010529928035124439,0.9757218771448956,256,0.009714653810128402,0.17784846270875904,596.6278818999999,76.10793806669083,48.82635821736331,41.54869482485354,-547.8015236826366
0.0009972010945209025,0.8160646962000196,128,0.008154487059861309,0.7448381964582886,294.29443645000003,6.576420859258407,197.99695272399111,273.50713147032263,-96.29748372600892
0.0001728618950933296,0.8032272332481132,128,0.008615068112202955,0.22033205296985364,420.06559255,8.312925804245994,296.8846078366652,360.9883677961472,-123.1809847133348
0.0001345045550143727,0.8071970840996544,64,0.006999488381477627,0.28129059631686043,459.84262135,14.407236486398501,138.4578087436079,207.770285901755,-321.3848126063921
0.0002160090066786277,0.9378981708865609,256,0.009787452350068435,0.10403889251868034,506.2269814,13.241662480304688,138.54016076758126,211.57390180583528,-367.68682063241874
0.002013525535614892,0.8917972636621653,256,0.008369235170576073,0.12622391228256732,440.4874151000001,6.921421024570843,115.70216100551188,70.18971586649243,-324.7852540944882
0.0010218127074408366,0.8062425612951775,64,0.007727474205963377,0.2618884830942976,426.6052493,11.852007177137624,235.53435048977843,322.3159748751183,-191.0708988102216
0.0005351253738092895,0.8610712353558879,128,0.005571497671558265,0.2518349410257498,441.29655274999993,9.508871272353476,223.1491607725853,329.94467176947677,-218.14739197741463
0.0013296121946079016,0.8285324420589323,256,0.008167744198804663,0.2866139551890407,448.533713,10.386095462598787,234.8472719682264,327.27350060369804,-213.68644103177357
0.00042405402602857035,0.9038446192319699,128,0.00822411548760436,0.5719539905471991,424.12409715,11.336549336838408,302.9582157669589,351.4940676785522,-121.1658813830411
0.0006717936355809139,0.861519817683103,128,0.005838199099437021,0.7915707770201534,403.86505855,6.10995873699334,239.58077732045203,321.07383739940667,-164.284281229548
0.0023775638484807475,0.8786086849772932,64,0.005558373178283574,0.900764711287418,325.62388395,18.23295440863723,192.833178488462,274.28097878935864,-132.79070546153798
0.0012779226111604047,0.928624293636846,64,0.009025264214678537,0.6092976336969107,409.45714775,12.44676298939635,180.11683698659763,244.29249205907476,-229.34031076340236
0.0034174938671496635,0.8625452104642836,64,0.0066340684261261135,0.8466849903355833,307.43511294999996,8.605396247310635,259.24960917681454,376.1750896391788,-48.18550377318542
0.0021748025806268487,0.9534029410258843,128,0.007439692249687003,0.23607806706700596,511.4126677000001,4.501059052301399,142.8219778834842,204.53149663060802,-368.5906898165159
0.006203567506870167,0.8018127737756716,256,0.008093602352680078,0.9527432627791166,296.38320309999995,6.842279820597146,127.74807733224006,209.67893022165364,-168.6351257677599
0.006808189373587931,0.8859805932857039,256,0.007590465149475617,0.6749964489967111,421.5415827999999,13.038950567487548,186.2295540660547,341.44720056270205,-235.3120287339452
0.0019619918322954324,0.9929830059165822,128,0.0050901321558294715,0.1136045377429254,1849.3067452500004,791.6913827604302,80.62968348823487,63.694622315306404,-1768.6770617617656
0.0015290313326978932,0.872939707235923,64,0.005303137088664811,0.7956523831535037,327.5459637,5.18886487813595,262.91487937647037,371.6188747930095,-64.63108432352965
0.00010196573513227647,0.8744797482108954,128,0.007492726271845466,0.7610184383424234,332.3183515,7.642185997448471,140.9463008731371,207.36942755863296,-191.37205062686292
0.002783168103712843,0.8021738270840999,64,0.007396148912003575,0.6482879006373446,290.75672729999997,5.023060542169647,176.02514451011083,279.1948654879463,-114.73158278988913
0.0006297736816798238,0.8125026125772735,64,0.006433478225219019,0.7900433375579986,278.19302780000004,4.985822969961581,308.2137342188042,358.1496724725187,30.02070641880414
0.0003387874836964715,0.9760394777180876,64,0.007360671159974148,0.439347145990854,713.7724458,9.595123799693818,162.52674904949964,201.99283338328877,-551.2456967505004
0.00022466463018765753,0.8930265437329559,128,0.007104767902257167,0.5086569587983124,472.7194181,18.526070581070925,234.56668168677135,330.68756668085314,-238.15273641322864
0.00030015449303501203,0.816364276860859,64,0.009574364067326523,0.5781727541058607,356.21171384999997,12.554624213703992,132.05263415476983,241.20782649804713,-224.15907969523013
0.0002390689458399748,0.9320922625018505,64,0.006689029842538517,0.8560243070641419,431.90000449999997,6.800886195844304,144.66543798071797,225.41976513893883,-287.234566519282
0.0018950055704972414,0.8902858129566996,128,0.006111147462930634,0.7325141229514419,402.67144255,10.924910742389306,235.33477110479143,338.67137182618325,-167.33667144520857
0.0017456634481961932,0.9937882145377543,128,0.005403077501369193,0.828517491586351,1026.68209105,0.6433799915123837,160.5970787016675,88.63269057340584,-866.0850123483326
0.0024451287708152506,0.8651443016332047,128,0.00642767889155649,0.16123421845350058,423.68797315,4.943126530015739,66.86275872951373,54.3186665284109,-356.8252144204863
0.0005053967673914801,0.861340882439098,256,0.00895329664423823,0.4343162848409736,418.8821853999999,11.21653872125704,179.0661921066232,277.39557066338983,-239.81599329337672
0.009836466272795932,0.8289642878390762,128,0.005656333907647844,0.6066893651314658,330.27988885,23.677468388179822,192.6598672199878,274.7464757593844,-137.62002163001222
0.0004476706691151566,0.9186365051755103,128,0.008516191552418503,0.9197022891620661,427.68462420000003,11.600948029133551,146.90334291120524,205.52401613096768,-280.7812812887948
0.00016111457594035936,0.8821898389646173,64,0.0063407068304213,0.7085289664608262,345.93178259999996,6.962505638702917,228.9116624483373,336.4396527941124,-117.02012015166267
0.0001540243995043209,0.9837682431981613,128,0.008924483725445319,0.29140516087191914,475.0631436500001,20.11237586955064,174.66462897300954,280.59120243660175,-300.39851467699054
0.007294834747056366,0.9929481083392437,64,0.008700778949790785,0.4520525280199523,1135.0501067,32.494208061847694,97.85074755361128,83.69976242381222,-1037.1993591463888
0.00013257182751297996,0.9862508039680956,256,0.00788132514261924,0.2294449002387076,1780.1646743000001,470.30335085810157,91.7120491486974,74.72200904597162,-1688.4526251513028
0.002640844983006542,0.8734600138224505,64,0.007169172368365846,0.9176916095382704,375.48642405,7.20081860655963,196.21361682703719,274.7304332163984,-179.2728072229628
0.0001897833458158657,0.8900148731252332,128,0.008734336486965508,0.3773330165868005,450.30131245,23.91603867982522,199.11144174549264,289.29138134452603,-251.18987070450737
0.00010842655084488783,0.9238639045547332,64,0.006075774483525689,0.6858203482678681,447.18211095000004,14.530384740275524,175.748197130661,219.62942027584316,-271.43391381933907
0.0026542864248359243,0.8747738987078716,64,0.006579351345952219,0.8258419105934579,382.86430609999996,6.674022785739172,379.66443848724737,410.69536541899953,-3.1998676127525982
0.008129332918265772,0.9940593456507981,64,0.007375896183872753,0.37317192708723146,604.9015655,235.43740954004014,108.13558465873356,69.53618733488648,-496.76598084126636
0.0009031454886513235,0.960666626201168,128,0.007415271720467591,0.9022021203043765,413.34180994999997,8.527069055268637,207.56805992366571,270.0992571790275,-205.77375002633426
0.002925796762374816,0.9026563669430676,64,0.006270212543899973,0.7947507119930289,425.4897357,11.843266615800635,190.77634281390345,276.6952722107831,-234.71339288609653
0.007595038873863041,0.9869238219855181,256,0.009633208101227626,0.7911156754867013,1030.17781835,0.7298471285544229,197.54934069598093,285.0839452356144,-832.6284776540191
0.006182520840034151,0.8754643744308676,256,0.008091536964102648,0.2444066297577145,389.27415494999997,5.0094903832619915,104.53428374866489,212.5674482077808,-284.73987120133506
0.005230069518031915,0.922059281493191,64,0.006162401394615319,0.7640511771742344,454.40415819999987,14.635826538025906,158.39737107595428,224.47268927524775,-296.00678712404556
0.0012904359229746912,0.9085813759959995,128,0.00988473661608836,0.9139583484692222,410.22403165,8.30327446736618,137.7067874177592,209.47679343915908,-272.5172442322408
0.0023140958970948775,0.9182857962824937,64,0.00959208847248848,0.9937781548342771,422.68662780000005,7.958260983828889,118.0735682553146,53.137568941216884,-304.6130595446855
0.0032290589054443145,0.8005813616321978,256,0.008063246951049445,0.7623090897534435,266.37688665,3.28117408634544,280.0935329872649,371.93187407966707,13.716646337264876
0.002448780073846549,0.9755001940056041,256,0.009772492839001966,0.6810109982375676,923.15558865,5.76456899998443,343.0312668258499,379.85782045615105,-580.1243218241501
0.00811665944840129,0.8992956222863582,64,0.006163076457892067,0.9938120640895072,302.1943841,14.703637074525044,189.93048099716543,274.586038091062,-112.26390310283455
0.002519103286050526,0.9276931296528086,256,0.005893578804304888,0.7880475348513405,398.66463650000003,7.21604690977868,114.48654226752114,211.59424669515482,-284.1780942324789
0.008792206465306103,0.9599952038985012,128,0.009659487279320533,0.9291451360237192,438.1894343,12.906316097572496,77.77295845666086,109.59775677698886,-360.4164758433392
0.0003415659091381485,0.9964914656229071,128,0.0051909046416381876,0.3676341012385699,1015.3929290000002,1.025619026781932,141.04205104678402,157.6765070715442,-874.3508779532162
0.0036852053910207453,0.9152716871194077,256,0.00531089472286769,0.509127919742781,382.37870075,4.971965174136519,187.74430504874326,284.6193568634385,-194.63439570125675
0.00037827980692992905,0.8278151150570132,256,0.00785478747129317,0.5451503143544687,442.4974483499999,22.462970139382858,148.7166901882505,209.8377602577265,-293.7807581617494
0.0001921001108718818,0.8678422979169328,128,0.007126464957264634,0.9026413001347752,410.21807225000003,10.981847841258638,231.8643955921754,282.80499344307464,-178.35367665782462
0.005385648554829181,0.8715114316525117,128,0.005239747872194371,0.3316757474091788,467.97040415000004,31.35043595595873,232.86499404713686,377.4870963209274,-235.10541010286317
0.00010154120449751091,0.8839283224390743,256,0.00955633458381628,0.28694337825784244,442.9941813500001,9.11314686186086,198.94198186120485,336.70471566764576,-244.05219948879522
0.0001494928923614577,0.9640938607345105,128,0.006291923988645463,0.17549394532564355,468.08300635000006,29.331355503783726,166.77846461804583,199.6220192240215,-301.30454173195426
0.0013977167481003326,0.9341171712013541,256,0.009795055026681815,0.18360962845472134,478.74793199999993,6.793592140196752,63.69942850396037,48.71425330147317,-415.0485034960396
0.0003216059999577762,0.9707450031798672,64,0.006981918161536597,0.39600744763116114,810.4579666000001,8.262158451647837,93.95350809255615,61.548400740153646,-716.5044585074439
0.00012856229849693364,0.802474924052745,128,0.006830946119380919,0.4327288602575219,422.0435454,9.244795822822022,102.98634664607235,141.7797996808048,-319.05719875392765
0.001129327745395841,0.9468200454085414,128,0.008830579949000657,0.43834182292514545,605.74479795,5.122976750405655,79.14274523458444,67.65873236255555,-526.6020527154155
0.0010855577056960249,0.9725676059625037,256,0.009481191456653562,0.5297309458117152,579.03938175,35.49029545854461,97.10188149484165,81.15419287523032,-481.9375002551583
0.0004998002883574962,0.817026273678633,128,0.005175578680817741,0.8004301797972379,304.9835306,7.74139844233915,155.0345704231877,289.5670898544564,-149.9489601768123
0.0013193255297083918,0.9678246832578943,256,0.007362311372073193,0.2825879789176242,734.3522264999999,14.784581964871837,76.84399183210917,51.0774164391513,-657.5082346678907
0.0002957976588809203,0.9352385312919831,128,0.007301946393344333,0.29256820473528533,497.91167825,18.574990964400097,96.27957603118848,50.48959301377535,-401.63210221881155
0.0014885157621674758,0.9596175903029587,64,0.00608967127196944,0.8390676985975555,394.0722882,7.1672379640880175,94.08724264715275,64.52380611898454,-299.9850455528473
0.006496713355050076,0.9744768918334142,128,0.005116387807082249,0.22198718104521392,593.423545,29.93452631739564,153.8974554676097,284.16492380037187,-439.5260895323903
0.001298479710059131,0.8944966245985863,64,0.009798027414372995,0.12315740159491526,412.46232280000004,4.176422923857471,147.59916659826413,203.483280504602,-264.86315620173593
0.00018833912683064577,0.8500681965634663,64,0.007363151123662483,0.15154650818837395,460.52620159999987,52.78839726340861,117.11458217445761,152.5727385683665,-343.41161942554226
0.00023838803815824823,0.836050952552849,128,0.007585856829339299,0.1247204001888945,422.76127620000005,6.278478216176554,189.58267624180297,275.6983540192713,-233.17859995819708
0.00015336155684620982,0.8153313042051121,128,0.009128448575023266,0.8935479091051161,296.43928969999996,3.6091038135771356,232.3983958594501,330.78353133797856,-64.04089384054987
0.0002482556104187988,0.9580870819929436,64,0.007921610493244734,0.12420710804761098,438.05907475000004,11.849970222022066,83.839120120203,63.664573674038394,-354.21995462979703
0.00046132886354795054,0.84604894544762,256,0.007820566099724167,0.14835953554672293,479.8859270499999,22.533013138655956,95.03944953600293,82.51052414701418,-384.846477513997
0.005903026196857238,0.9592720529310867,128,0.008119845513652423,0.9072089852788934,402.62719875000005,6.281690732772325,177.5624530488276,236.3942641249257,-225.06474570117246
0.008281898697573386,0.9648327720617149,256,0.008209846004927418,0.572301922401235,444.57182485000004,4.9224412749995725,118.0976329577621,211.3769628289987,-326.47419189223797
0.0023879105472999775,0.8170189467360789,128,0.006322884845880004,0.520073670226247,424.1561486500001,12.454003295593825,260.0668199982523,374.60350875969726,-164.0893286517478
0.002454348521364656,0.9231759879630361,128,0.009260743708636767,0.40697414551552635,423.706287,9.427854992110957,143.28676034100354,226.19049731950312,-280.41952665899646
0.0003704749972302461,0.9425150767355441,256,0.007070290917042563,0.5683923841640591,427.6468159,14.94626242945701,147.2056619160343,206.57449301077932,-280.4411539839657
0.0004225546773074197,0.8222927724340091,256,0.00951875977406141,0.7648994042491923,365.79323805,7.429840642984603,382.09211385727394,415.02377325670034,16.29887580727393
0.0006142218670532694,0.8344447976912301,128,0.00629020544390385,0.14908041694957108,423.34832035,9.237281712350768,152.91873054798924,222.69783660175648,-270.42958980201075
0.00604639161834733,0.8653037556428396,64,0.006413816423109732,0.7043608466854377,278.52227965000003,8.534006679838393,105.1532596042176,66.78970257756211,-173.36902004578243
0.004914140064996113,0.8384855141322705,128,0.007318771789244522,0.4128471288876745,426.24014400000004,13.099953359321159,130.40409809823615,212.53904616411555,-295.8360459017639
0.00016461347350487458,0.8233777746688099,64,0.009809178179009032,0.25442485331267517,461.53544840000006,14.841072796589826,242.54835071978158,321.5306963685061,-218.98709768021848
0.00012878051990847293,0.8174551999805276,128,0.00966936171004541,0.4583432533397479,449.08324475,11.275938755004859,274.5345631204953,366.1563115371856,-174.5486816295047
0.0012657161163432957,0.9922421172506195,128,0.005213179234675018,0.3243785473514446,2870.67839775,152.40654029884558,132.5458943162521,209.60202704192747,-2738.132503433748
0.0005077352881374031,0.9393438254329268,128,0.008893515644900634,0.3114764528778219,503.2642333499999,7.269815306137975,114.76025012356112,53.14660243606555,-388.5039832264388
0.0004929754659434668,0.9135932869396362,256,0.007335806843097379,0.6893673186303138,444.7353467499999,18.09477117627879,226.94881939223268,331.64912830286073,-217.78652735776723
0.005866257170648397,0.9805693773474797,256,0.00942053091090244,0.3102412806870588,822.3254201000002,9.165044211501964,189.9320196700195,169.1217277038466,-632.3934004299807
0.0003160823274948315,0.9816401083456506,128,0.00697249991389177,0.9027929065454644,856.5121065,84.95778577108563,97.61266227853484,64.13144295613984,-758.8994442214652
0.0059367768755521355,0.9077625308278995,256,0.005835517134556142,0.569175035824869,443.6025339499999,14.62524012914913,76.58848083766642,65.9998239553699,-367.0140531123335
0.008454743844654819,0.9975460887932123,256,0.006186923649773797,0.9085050124049964,1178.4605667500002,7.495869123719896,76.290308030101,63.690784163532385,-1102.1702587198993
0.0017596340796999662,0.8249182323955266,256,0.00966203908029754,0.21419174913245198,422.78258665000004,8.583742940278007,118.68021323366557,106.3670100527471,-304.10237341633444
0.0008012814316256107,0.8507093536837298,64,0.009346271144774751,0.15599835170455273,464.5667667999999,11.067863520824666,171.09962976494862,280.6313087058406,-293.46713703505134
0.00031406698558171883,0.8991971210096188,256,0.009325510470177538,0.8876466981926391,416.62729665000006,9.614409363159295,182.6477417545393,281.08141702135185,-233.97955489546075
0.0023934863188195404,0.9409563364297797,256,0.009514683598969956,0.5146136927068075,524.9153146000001,5.519446839023913,157.52979701081057,279.24882863312286,-367.38551758918953
0.001243050393730834,0.9562310786383306,64,0.00926092063332153,0.591276029087515,388.92312645000004,4.095036872635824,73.45693745396565,51.223670396979855,-315.46618899603436
0.0005250341127754415,0.9212640556855066,256,0.0086795637894182,0.824673829045508,433.6415408,12.449852530868736,139.12150011119374,205.91382439159298,-294.52004068880626
0.0018359643687448847,0.8414742601203332,256,0.006346899712724459,0.7267484189327584,382.9826318,6.498494960443949,338.83554019657896,388.06560038495326,-44.14709160342102
0.0033993285556764797,0.9130024159077899,64,0.006682636275891139,0.960830064951648,387.26425485,5.772980316296717,148.92328173854622,217.12992640857607,-238.34097311145376
0.00012204384257391679,0.9663028783757779,64,0.008194589700992632,0.2718519839441722,465.23973380000007,8.214625468380348,98.49967236099765,68.26897219782866,-366.74006143900243
0.0018900416001841121,0.9945518502825565,128,0.009067226862322786,0.6962298813982075,1028.78610895,0.42189971524869696,131.20618190121314,107.03204666641221,-897.5799270487869
0.0016469522737882357,0.8264399201387096,128,0.008500343765303342,0.44861251117646295,419.2803769,13.21067716952192,276.3948311528191,362.4432266575123,-142.8855457471809
0.0062638860867607294,0.817997148260371,64,0.008993593505186328,0.7917217631701053,269.7120412,7.335932839703997,126.67968367140857,207.44045923032888,-143.03235752859143
0.0006505193767633367,0.8806558267310595,128,0.0076672511848842875,0.4611695465121213,434.78211244999994,10.407057279766411,77.80781356369698,64.69603167407327,-356.97429888630296
0.00028522717072789193,0.9575953018453377,128,0.008389980721832828,0.9451746901744218,430.80017124999995,8.901589808711485,162.97988816006108,206.1588145457477,-267.82028308993887
0.0063309032614649735,0.8085309385690345,256,0.008986150946486752,0.10836556268811115,412.2378965000001,7.735401083070907,171.6615333893962,346.82808029835206,-240.5763631106039
0.009590838119205473,0.9074490906739113,256,0.006475647015262139,0.7198278531212765,463.82097985,14.098772602032364,128.46381742528465,213.12048899264812,-335.3571624247154
0.0005915631076152348,0.8611022461186719,64,0.007311326420132969,0.5189548050117501,425.81020820000003,13.396807319009605,166.13871787881945,281.61983285592106,-259.6714903211806
0.0001326495790749671,0.8807343961937393,64,0.008131407430453217,0.7141905152700508,439.79676965,13.297764598148058,235.63407274396158,324.60043261534037,-204.1626969060384
0.0015251436791875598,0.8208877652409817,256,0.006003928239811238,0.5569904684737108,382.5297721,11.444537889663245,212.4732900978066,277.2672688113413,-170.0564820021934
0.006134252835126043,0.9700757471903515,64,0.008030885651248853,0.29180983922933973,733.2937524,6.80376116727839,143.95743636367843,203.1540118848596,-589.3363160363216
0.00015820319696446992,0.922696980246063,64,0.009816356463116545,0.4494411005001758,441.58560689999996,21.542034535919818,147.2300391470082,204.69403646911908,-294.35556775299176
0.0009244201552960895,0.8957021948570962,256,0.005452604589822945,0.39928345512956853,410.13069989999997,8.22789926746873,220.51015566964634,266.2470055997059,-189.62054423035363
0.00017309781128833042,0.8056513494464511,64,0.007528062283919822,0.2508522491893368,428.3248235,9.142707814799218,163.14901302554645,201.38225298052376,-265.17581047445356
0.00022376000802994925,0.9703069761741298,128,0.006871959387060508,0.884211839735958,441.75245485000005,13.865277355903704,197.61697757744986,272.6538505986776,-244.1354772725502
0.0004617366746208393,0.8655038256168556,64,0.006347600475430813,0.14326197239989374,461.5338306500001,8.639610150628588,153.52048035906628,204.46308927601487,-308.0133502909338
0.004819548957832661,0.8007805483673257,64,0.009923942460393312,0.72534648849406,285.9439603000001,5.3694836407966635,271.1883184961742,374.64683528381005,-14.755641803825881
0.00568593216563802,0.9771506327828765,256,0.00911774983573585,0.38233827591385783,486.8919876,10.3858106383146,92.7440157251287,61.32410149498097,-394.1479718748713
0.0019863319057497456,0.8359007413091224,128,0.008916192425088156,0.9242658195751672,269.986971,3.120628818690638,299.6918971461593,402.59515552195097,29.704926146159323
0.0009078311150788924,0.9607463016579318,64,0.008779024171979411,0.19253151594954476,554.72899825,12.53416240231559,120.98510846022982,210.6227722452451,-433.7438897897702
0.0002029642418590024,0.9078833768914462,256,0.005478539346240913,0.3409482117596576,448.06196044999996,9.909516256566269,118.00811706748792,210.897403745041,-330.053843382512
0.0002921987843933455,0.9698448067358373,256,0.005410094368662208,0.8845746744307514,425.85654475,13.890444137701953,234.64218942619627,327.4122233664455,-191.21435532380374
0.00010493654493715145,0.8493592373040219,128,0.005396385796336583,0.7705303959885966,284.08892305,7.20935546829779,186.99890403992322,286.6775359400319,-97.09001901007679
0.006118243025337147,0.8424809902511191,128,0.006852537759748552,0.39158787983764964,427.01901575,9.508621358610924,226.18672608421184,328.1061100768082,-200.83228966578815
0.0018850360750112536,0.8964883307701061,256,0.0062918048111391105,0.7788466482232866,430.9330782,14.177839108619022,310.37752143582327,357.81230070037884,-120.55555676417674
0.0012354018587986263,0.8130785121071128,256,0.006129173049087918,0.15001716498070475,433.6400922000001,7.5164276640137775,216.95688224370824,270.51623818324424,-216.68320995629185
0.00021810023883453658,0.8259484397567323,256,0.00929450186759045,0.9290391643041037,330.0585089,3.655891893599517,279.0939962661825,373.5870293240871,-50.96451263381749
0.0014106154932809797,0.8294585395674607,64,0.0059262632819767,0.43144212935898063,465.19395345000004,22.590578473657082,118.28024140967754,214.00779654415095,-346.9137120403225
0.0014870245301262834,0.8646659620624993,256,0.007698019387354004,0.6702195068371056,421.5594513,13.712937218788786,176.0349644697504,292.65285778027595,-245.52448683024957
0.00015653729299044394,0.8251088022732008,64,0.007577670324027485,0.3272665318949817,467.15472394999995,22.414041116952706,226.06191493290825,331.26214395861587,-241.0928090170917
0.0005479806468218867,0.9031771673167888,64,0.007115859824636814,0.7526337724051079,455.7599841,8.744719095847257,195.71123414705508,274.14186864526397,-260.04874995294495
0.00016408148929759374,0.9281200169290946,128,0.005142324193740952,0.17501651041252658,435.91341439999997,13.08609747720583,75.3128314163303,60.83607861286668,-360.60058298366965
0.0005666382059468155,0.9508131620080751,256,0.007092961887962537,0.8320926712282998,428.0825610499999,4.649435396269316,105.1316752272658,57.38156714116058,-322.9508858227341
0.009220103986542421,0.9788031785349219,64,0.007985418264076616,0.9891735625111812,455.2798784999999,107.30001262478379,200.38810156771214,271.97405185289364,-254.89177693228774
0.00750917727716047,0.9971324571105303,256,0.00683973348842393,0.30335025975268415,1029.5090922499999,0.5360307926259602,119.00407700128854,84.28790828999432,-910.5050152487113
0.0001058325438175484,0.8223679856422434,256,0.008078947682853353,0.8483111169250266,274.22273559999996,3.639973172845868,304.51841078000143,404.15512786614016,30.295675180001467
0.0002646323110873283,0.9933890640180074,64,0.005798791503027367,0.6162068104827624,1023.7438042000001,0.5225075508472286,156.5064562949352,209.72372381255482,-867.2373479050649
0.00020907279954564107,0.9262717713406705,256,0.008924943793164324,0.14676640701645216,497.4126535500001,11.45878088040777,216.98266544230282,334.01010320804846,-280.4299881076972
0.0032890826203592553,0.9515224341387487,256,0.009758265868672612,0.39663151748938685,539.07654325,4.118208027365034,92.10295840425533,68.7671216609162,-446.97358484574465
0.00021071998942786912,0.9343302420618385,64,0.007460222232409115,0.46849858951682366,444.94911840000003,11.794504794672045,143.4485668649664,203.71321305447867,-301.50055153503365
0.0009646577487501362,0.8899111536754379,64,0.009721994701842658,0.3769789286775368,427.3434626,16.19683371468738,267.11056748903354,362.0185786570006,-160.23289511096647
0.0007167023113875276,0.9437485200739691,256,0.007216050900418927,0.3207547758334104,583.05720755,5.1528295988156545,151.2756536164321,203.23142468480793,-431.7815539335679
0.0015636146300751965,0.9062484689791523,128,0.00948958716512038,0.7444055315217163,396.52794155000004,8.373447492219608,331.7201810637489,392.2771574383656,-64.80776048625114
0.0005528746320173149,0.9628707533199604,256,0.00877780377483156,0.5050244672657183,711.83656915,11.010056879212243,127.53486564087216,81.6608021206478,-584.3017035091278
0.00045432467506622144,0.8301828878759909,64,0.009263596107739561,0.5243821478578055,336.91124195000003,14.317822343132464,219.86180274162325,331.14840101163287,-117.04943920837678
0.0029008880225990965,0.8538794055065975,128,0.006335270634541568,0.24529603744382367,433.54883295,12.017419505808759,235.82655224748888,325.5849379615009,-197.72228070251114
0.0006280672133417912,0.923954205773507,256,0.007454198218979109,0.8946048401230526,432.08138595,5.8880187680223495,169.92565671909833,283.13606296267636,-262.15572923090167
0.003767900070988793,0.8932463297111702,128,0.008453605897559795,0.35846643094529973,401.3667022,11.601737008951153,158.78839156820905,280.975318705847,-242.57831063179097
0.006326728346951656,0.974784541735857,256,0.008538137165299595,0.20403756725561728,507.30280690000006,5.229722890171898,227.67620358693821,327.1649651504967,-279.6266033130619
0.0011153994286749614,0.8288494737450449,128,0.007317631288654777,0.20274906873552473,440.6706002000001,12.391406557547477,142.12023367965594,209.40329106396524,-298.55036652034414
0.00011401515966854568,0.8319879896223269,64,0.006122847158636592,0.6889082355439603,328.22937764999995,7.952315427933835,276.4736345525365,364.74528989957946,-51.75574309746344
0.0009276989048565709,0.9971634643444925,128,0.009204130470293158,0.8418890141247674,996.14307545,1.8852344294367127,222.32643486706075,278.54399058206747,-773.8166405829393
0.0011338385263741275,0.9052094800122092,256,0.008587325123727414,0.8939500175777252,436.41070694999996,11.877604926597272,351.21155754807404,428.37985023783773,-85.19914940192592
0.0013347078905524498,0.9622656510236247,256,0.006134867719951699,0.43079855911035536,616.4597935,8.88982941092738,146.28808625116943,200.24258427805037,-470.1717072488306
0.002451666997518636,0.87089343246213,256,0.005691145317118737,0.3203554187160284,417.86487035,6.9699418993571705,93.18617121707648,211.86749746791426,-324.6786991329235
0.0009432104673766263,0.8524857491883168,128,0.008046661126851148,0.7813575223450753,418.61951120000003,11.548086247262475,113.04516093622951,241.5276531249015,-305.5743502637705
0.0009033008865325933,0.9117811142393721,64,0.00908221414624195,0.18530137320822698,474.8424777,5.658497905456062,219.09405187473166,329.7944877456824,-255.74842582526836
0.001639326643277337,0.8514457974663165,128,0.007877699625265223,0.3862998791058071,443.97349275,24.136859360891044,152.75402909647673,213.08942177877222,-291.21946365352323
0.00030102639195132375,0.8556105099554965,256,0.009847670405814624,0.6018022986760179,472.55512715000003,13.603612121618243,115.63260062644258,103.34836438450671,-356.92252652355745
0.0003069472644164562,0.9543908865617982,128,0.007961681876971083,0.9852703523653207,443.0350129,11.580404748334994,146.53618464246392,127.35303658270766,-296.4988282575361
0.0025617984266517015,0.846706446777848,256,0.006942652618149428,0.3545873010870183,407.06650745,10.98859975873193,223.33422473771498,327.1642720714827,-183.73228271228504
0.004040710094597576,0.9748361653473365,64,0.007262331858967606,0.6064526478658262,445.69038545,5.477614949824148,101.09844641331583,76.7078404828506,-344.59193903668415
0.0003186297688992205,0.9349266871949131,256,0.009117484738454857,0.2627191243808279,518.8794831499999,164.0335047097059,209.07761988615385,248.39214110351546,-309.8018632638461
0.0027853723103515634,0.9824841307547185,256,0.006443002395126233,0.2910832087386375,658.698353,5.897989794098322,163.9410927945981,282.1813798686862,-494.7572602054019
0.004952426823466891,0.9758291588366773,128,0.0050842934736317486,0.22644622257040936,654.3506629,9.380864656922762,109.7199681590777,68.32112627754543,-544.6306947409223
0.006590073062171763,0.8080769320105348,64,0.009837158767859873,0.6448535446702538,269.64652724999996,4.761845727770719,71.16555554307998,82.1159350096625,-198.48097170692
0.005439159664146586,0.8319871586232731,256,0.009426345214800288,0.9920146689355752,407.66588795,4.427691761155536,158.45896895672195,287.00862778679027,-249.20691899327807
0.0034324181519996746,0.8015852896251032,128,0.009180598680820317,0.15247399633235625,432.9149362,65.93435462349922,171.77558064735496,278.38364201930744,-261.13935555264504
0.0006198070406664716,0.9571363580814367,256,0.00861483186215474,0.49243747350070033,622.32385745,9.982064767580749,78.76281194360926,105.41413063362816,-543.5610455063908
0.0014411910249594183,0.9765349958700296,128,0.006193923230562653,0.7409320956523082,1306.6869087500002,7.15150398767519,136.49489953161682,209.21415322182006,-1170.1920092183834
0.004443806373243311,0.9572407240556844,128,0.006758186858573238,0.6410800364408755,415.86054755,9.997590273038556,155.6119759877678,190.5757473958683,-260.2485715622322
0.00021546068932096817,0.9495113431905067,64,0.007708159311019426,0.10110937470004366,473.85459225000005,17.857174816480804,96.01355647312012,68.79313794753044,-377.84103577687995
0.0004152306757196968,0.9124538444566871,256,0.00698078114548276,0.23063141243023125,460.30167255,18.604684345897162,154.122646976728,203.62853051594107,-306.179025573272
0.00012212430139231905,0.9741571650611314,256,0.007261132975305321,0.5277961598886374,451.2163749,5.906214015139957,188.9505827448098,275.67094237592437,-262.2657921551902
0.0007079388620543744,0.862865582894452,64,0.008868308897712136,0.5403922145204033,438.00677185000006,13.061430577094727,177.4598735151347,282.2883047448728,-260.5468983348654
0.00027325635456866966,0.9247121695345574,256,0.008498858002045041,0.8724738413755265,454.57421625000006,9.36955450101305,170.58982698513427,279.21412371456654,-283.9843892648658
0.00021701692182634526,0.8099160098356628,256,0.007680163023873649,0.7096677305003765,347.29399025000004,9.208789372543556,266.8899648460043,369.44681417716043,-80.40402540399572
0.005174188145184233,0.8468973639126234,256,0.0065019129075929855,0.5886311504341936,425.33239380000003,14.740861354965912,169.77103038057686,283.2059832014473,-255.56136341942317
0.0020879094868705215,0.8254418390703858,128,0.00884587624645552,0.8059207397634072,278.44024435,6.175520006292814,144.2511126660276,217.42210637562704,-134.1891316839724
0.00424163950804971,0.8590998918729731,128,0.009776883728906095,0.8204405772579099,386.16962264999995,4.84175058797279,136.03673213664442,223.20405977563175,-250.13289051335553
0.00046588247068621107,0.9814108165573394,64,0.006704978961526741,0.23827536280187575,713.4664893,25.125268200977096,55.51038247385295,56.517922688194346,-657.9561068261471
0.0025485877643165017,0.997052647065584,64,0.006175436817768285,0.6697461052881662,1080.2322695999999,18.84526983707739,154.74479234686586,203.4393616076951,-925.487477253134
0.00016852347158826024,0.9376777070592845,256,0.00632317935140762,0.4503661249297214,500.85544775,15.894810541015401,62.744351555756296,58.108237187393705,-438.1110961942437
0.001485274219114253,0.9192152199355844,128,0.008813064975968612,0.819386318520982,408.4763233,8.572420453031457,129.5508231027634,210.18491299629554,-278.9255001972366
0.001566267085259781,0.9803564709065226,256,0.006480166085294009,0.4338257354733819,1124.36195735,106.39316285309893,85.97868041758775,54.398292414596945,-1038.3832769324122
0.0006472655516930514,0.9461619301344548,64,0.008189282019065354,0.517764834535632,429.20057525000004,6.276141428577261,135.90694318935275,144.90748413695277,-293.29363206064727
0.0018218774680564059,0.8525904314766117,256,0.006605779830365367,0.5957429501656811,416.2454603,13.793795744673332,112.29128826893866,74.36352047142522,-303.9541720310613
0.0003010120435973828,0.9083961612493306,128,0.008692445195770287,0.7786926180823893,442.06766945,13.443166091920151,131.40963311389788,210.5442894407758,-310.6580363361021
0.00047454906452771135,0.9369151550999112,256,0.009434238539269838,0.12343889964378145,510.64646585,10.490645857624031,225.27042910801248,325.7027656688603,-285.37603674198755
0.00036463600293799,0.9892377557286812,256,0.009504399048510205,0.6393643098698385,1353.6802510500002,19.887772470400385,303.08754018414766,356.41317219485865,-1050.5927108658525
0.0004708596687160389,0.8211779504564902,64,0.009137662237709548,0.9783725543402091,267.502491,4.325333571075337,243.0899142667069,336.2445473738855,-24.412576733293122
0.00010599764150260593,0.9301862722385907,256,0.006708712977873052,0.4112965508892287,436.87387770000004,25.474469813372803,83.8819144428473,34.01203100464741,-352.99196325715275
0.0019992296550380424,0.9740197993214521,256,0.008345335122108147,0.8725485702032294,458.03685134999995,6.203315558616801,96.43572135923323,61.04927913247971,-361.6011299907667
0.0007048918867988055,0.9379947220997441,128,0.006340396708225475,0.2991353601698291,561.0077893499999,7.994379011445897,158.0580550836865,198.8167879826667,-402.94973426631344
0.009137898002031016,0.8701854279231223,128,0.005492920467126156,0.3413595116690431,466.04979345000004,14.746990664238854,250.60875806935073,378.68443009490153,-215.4410353806493
0.00046681802402771474,0.9347750417477049,256,0.008940139881391494,0.7599731824183432,400.80145849999997,6.190805798120781,198.63797405610677,341.9047509688473,-202.1634844438932
0.006123936117392151,0.8670209416124451,64,0.007004365605745953,0.15927973787880004,420.5141017500001,12.972179994083593,111.44522496543941,210.44858053895243,-309.0688767845607
0.00013571685908680492,0.9606315823403223,64,0.009018972567326365,0.28559552081891976,402.98927829999997,9.608498019900411,270.80407525997725,369.37468448209796,-132.1852030400227
0.0001265643448307761,0.9758729515066968,256,0.005922934431292158,0.9713803687345806,554.7376835,15.573093586290458,262.50192466329315,346.89488531180757,-292.23575883670685
0.0005516183218321944,0.9325377366635502,128,0.00701768256903167,0.490261991949441,445.6785176,12.13294989468717,228.69890758061084,331.11144729903714,-216.97961001938918
0.005143453415266543,0.8290792705192092,128,0.006264704667488065,0.5979491277837681,306.55846215,6.8727852949559844,196.74182233272586,338.9524787070719,-109.81663981727417
0.00036416177053507184,0.916970628291736,128,0.009818352724395164,0.1417430398048527,424.7241711,7.235465721464232,81.69646982228733,63.82434891080695,-343.02770127771265
0.00032815083749316193,0.8003470843059887,64,0.008860950169834205,0.5002332651496827,339.74383664999993,10.847741610327658,234.20535603059687,326.4610139430145,-105.53848061940306
0.0002478471752545381,0.9030712424877424,64,0.007924800454624098,0.6202809953691875,433.76482955,7.862918592842561,287.39328188155775,363.2245155006502,-146.37154766844225
0.004194406633213296,0.8906207488204392,256,0.009242220528122628,0.6786383544239806,426.43494455,14.272023440215182,154.4168472511461,221.58784829975454,-272.01809729885395
0.0008581458935301519,0.9396563772294673,64,0.005239190652884027,0.9896278150863265,441.04000944999996,10.08565416677975,233.61702778512262,301.33275888048047,-207.42298166487734
0.0008359516370411972,0.998049690136094,128,0.00814923880353968,0.25192713733223926,1076.69237995,301.08127361336534,75.8859727020259,67.10387453156373,-1000.8064072479741
0.0005209236383814926,0.976227143371281,128,0.00861349153034807,0.24789363653064975,662.20725025,17.314501845718897,178.6604077984113,276.88910628836624,-483.5468424515887
0.008019140396598866,0.8406069788481202,128,0.005427675052226034,0.12597789122197164,448.40202640000007,19.90620299703509,68.22847840213144,204.69030843333226,-380.17354799786864
0.002300474296089849,0.9526848293358084,64,0.0050725425544368855,0.8875640811390901,440.1962257,13.215008524893424,130.05301834874552,208.40448916194828,-310.1432073512545
0.006736012959712965,0.836212325568949,64,0.005946394072700844,0.9815300160336108,256.74168334999996,3.6119911918724457,197.07148849010701,274.11558638905535,-59.670194859892945
0.00029029690737194044,0.8253057895256491,128,0.007136385629258238,0.14305710051283108,405.6680054,6.778360546576996,209.69132935747038,287.96079927371295,-195.97667604252965
0.001323559113386575,0.9143408288075741,128,0.005222352316294195,0.334194332323257,413.20990395,8.870347184676163,129.91388601773687,206.01225425650054,-283.2960179322631
0.00023091154473517433,0.8874411068313507,256,0.006747292215474503,0.4894802765961337,439.6436865500001,10.660042578010147,118.60500254118816,208.3717896123958,-321.03868400881197
0.0045888312906446835,0.8930911023050213,256,0.009984846959474854,0.9038582522664186,419.07066649999996,14.263267623026872,190.5914306883351,274.6511468447705,-228.47923581166486
0.000532852306090093,0.9918741845791473,64,0.005213471120507994,0.8592197317983268,1195.8593492,35.5834872368089,125.35340190054849,54.297018768153464,-1070.5059472994515
0.0033377007127261393,0.8015739519123073,128,0.008566231303449218,0.4065811421660248,407.23553830000003,4.889930394429944,237.94141297184106,328.5208678764378,-169.29412532815897
0.00020088113761099167,0.9617878399775373,64,0.006092640055196687,0.23380041284512004,470.2652551499999,13.022854905854471,165.6100872825802,202.29439312035697,-304.6551678674197
0.00395246256687415,0.9365901504055351,64,0.007600323579834444,0.15352340779243576,471.5912319,4.309661345192099,116.03633862711976,49.6572803995163,-355.55489327288024
0.0011930596536259513,0.8688301066422898,64,0.005977896364460922,0.2017624214241252,392.58119935,3.7986994663107674,156.57425992991776,194.19240586948735,-236.00693942008226
0.0040083218907447545,0.8139959774540966,128,0.005716964018992805,0.9064492999089455,264.765907,4.233685473719795,243.1660623789765,323.0157444961608,-21.59984462102352
0.0007357250845516398,0.9445060790560713,64,0.008043163112799616,0.3259775667664544,506.1033065,8.467889567439569,148.70851591250394,205.5018376600753,-357.394790587496
0.004134170830640893,0.822685355058009,64,0.007333897245790503,0.2026229828619336,424.36531064999997,13.761645500692511,175.46362915718927,277.7651076760261,-248.9016814928107
0.0026611876330799394,0.8219242668153667,128,0.005231310140670199,0.5329555347216317,434.34557559999996,7.624759367582658,232.66743428696645,325.6175637012047,-201.6781413130335
0.003970212164676531,0.8957929445820129,128,0.008159231239229157,0.9618033552724398,395.37731115,8.119867392212331,188.71950448564021,276.05806460624353,-206.6578066643598
0.003444759998612815,0.8661069866559217,64,0.005024476537456608,0.20886913335807,401.8077543,5.87348956426992,78.60554505430191,70.32679145328007,-323.2022092456981
0.00019560710046460957,0.8014259461544201,128,0.006454505130581726,0.3553483914380414,451.87108015,15.210059629647574,123.36684476851951,211.71341923590433,-328.5042353814805
0.00046227940974491374,0.9800546048882733,128,0.007593923505049219,0.7438196320864822,1084.5033882,5.973711185362259,204.57295743497087,272.7594907705142,-879.9304307650291
0.00035717272856749616,0.9236738870304618,256,0.008952421351779778,0.21446903251346944,436.29922099999993,7.997806676809881,119.92205755626783,66.65330108321089,-316.3771634437321
0.002656198287429927,0.9255722647459113,64,0.009789226189319116,0.28486900734545145,418.29049034999997,8.161753450459717,130.99406261789264,200.73343263776098,-287.2964277321073
0.004879463742498784,0.9523626334821323,64,0.009248780692140624,0.15060134305193534,474.99139269999995,7.395229628656201,152.27452587783336,199.7337343319051,-322.7168668221666
0.0002564470710481118,0.9367603383172889,128,0.007620428911234041,0.8746272638349037,413.76123010000003,10.42418138854282,229.38068671794608,295.8951554604929,-184.38054338205396
0.0053730620472698595,0.9073303832659544,64,0.00977942474944912,0.26712288024236197,416.6650589999999,9.880770182738694,101.69007875248789,64.76068554490452,-314.974980247512
0.0003664138836640876,0.9931603905171172,64,0.00791408108041517,0.6932001366721192,1032.44481985,1.7913503166270688,147.60281680074985,209.576081529694,-884.84200304925
0.00025713616956515465,0.9140296075980617,256,0.00781642331045956,0.8019993877944979,442.35696925,12.79056528305781,138.43265513042132,225.49279600743205,-303.9243141195787
0.0023766581813894202,0.8360424236495819,256,0.005688072586263992,0.7431259460855208,389.7743968000001,5.668221253994619,318.9668156897416,401.2774077799795,-70.80758111025847
0.009947655712568958,0.8940011953097131,128,0.007088514553165885,0.7975620474707372,403.8450626,18.190565263166153,190.83479858336506,275.7889461909463,-213.01026401663495
0.004772387429228521,0.9847351418114052,128,0.009201494497384447,0.5549718372103497,750.29137565,13.566022992668751,21.81025648653158,24.90904562892791,-728.4811191634684
0.0007243216147285353,0.9596543779983994,256,0.006101427854392881,0.8602224597779565,456.15472055,5.940933743947446,87.10786793506705,47.65890469802012,-369.04685261493296
0.0007325473072429138,0.84385670433906,256,0.008354486467144146,0.614579157565493,404.7326071,6.955141217042786,238.5308321706485,324.2982328151445,-166.2017749293515
0.0053572713516133515,0.9190179119718592,256,0.007267048346199165,0.7453697063236941,432.460495,15.408394104675091,148.45498927277512,205.20987560460318,-284.0055057272249
0.0010482689596034917,0.9809500245199622,128,0.006986635326420193,0.8724337822208756,789.80245655,13.99720091100895,167.72420978951268,201.29157618298862,-622.0782467604873
